file,line,type,commit,author,date,time,timezone,datetime,depth,length
style.css,1,css,3329d062,AudreyMeredith,2025-05-05,17:20:30,-07:00,2025-05-05T17:20:30-07:00,0,31
style.css,2,css,9e7c6af3,AudreyMeredith,2025-04-04,14:54:05,-07:00,2025-04-04T14:54:05-07:00,0,5
style.css,3,css,3329d062,AudreyMeredith,2025-05-05,17:20:30,-07:00,2025-05-05T17:20:30-07:00,0,24
style.css,4,css,3329d062,AudreyMeredith,2025-05-05,17:20:30,-07:00,2025-05-05T17:20:30-07:00,0,16
style.css,5,css,3329d062,AudreyMeredith,2025-05-05,17:20:30,-07:00,2025-05-05T17:20:30-07:00,0,19
style.css,6,css,3329d062,AudreyMeredith,2025-05-05,17:20:30,-07:00,2025-05-05T17:20:30-07:00,0,13
style.css,7,css,5e90b307,AudreyMeredith,2025-04-11,10:17:45,-07:00,2025-04-11T10:17:45-07:00,0,0
style.css,8,css,5e90b307,AudreyMeredith,2025-04-11,10:17:45,-07:00,2025-04-11T10:17:45-07:00,0,0
style.css,9,css,3329d062,AudreyMeredith,2025-05-05,17:20:30,-07:00,2025-05-05T17:20:30-07:00,0,5
style.css,10,css,3329d062,AudreyMeredith,2025-05-05,17:20:30,-07:00,2025-05-05T17:20:30-07:00,0,32
style.css,11,css,3329d062,AudreyMeredith,2025-05-05,17:20:30,-07:00,2025-05-05T17:20:30-07:00,0,33
style.css,12,css,5e90b307,AudreyMeredith,2025-04-11,10:17:45,-07:00,2025-04-11T10:17:45-07:00,0,0
style.css,13,css,5e90b307,AudreyMeredith,2025-04-11,10:17:45,-07:00,2025-04-11T10:17:45-07:00,0,0
style.css,14,css,5e90b307,AudreyMeredith,2025-04-11,10:17:45,-07:00,2025-04-11T10:17:45-07:00,0,4
style.css,15,css,3329d062,AudreyMeredith,2025-05-05,17:20:30,-07:00,2025-05-05T17:20:30-07:00,0,13
style.css,16,css,3329d062,AudreyMeredith,2025-05-05,17:20:30,-07:00,2025-05-05T17:20:30-07:00,0,30
style.css,17,css,3329d062,AudreyMeredith,2025-05-05,17:20:30,-07:00,2025-05-05T17:20:30-07:00,0,42
style.css,18,css,3329d062,AudreyMeredith,2025-05-05,17:20:30,-07:00,2025-05-05T17:20:30-07:00,0,13
style.css,19,css,3329d062,AudreyMeredith,2025-05-05,17:20:30,-07:00,2025-05-05T17:20:30-07:00,0,19
style.css,20,css,3329d062,AudreyMeredith,2025-05-05,17:20:30,-07:00,2025-05-05T17:20:30-07:00,0,40
style.css,21,css,3329d062,AudreyMeredith,2025-05-05,17:20:30,-07:00,2025-05-05T17:20:30-07:00,0,44
style.css,22,css,5e90b307,AudreyMeredith,2025-04-11,10:17:45,-07:00,2025-04-11T10:17:45-07:00,0,0
style.css,23,css,5e90b307,AudreyMeredith,2025-04-11,10:17:45,-07:00,2025-04-11T10:17:45-07:00,0,0
style.css,24,css,3329d062,AudreyMeredith,2025-05-05,17:20:30,-07:00,2025-05-05T17:20:30-07:00,0,6
style.css,25,css,3329d062,AudreyMeredith,2025-05-05,17:20:30,-07:00,2025-05-05T17:20:30-07:00,0,7
style.css,26,css,3329d062,AudreyMeredith,2025-05-05,17:20:30,-07:00,2025-05-05T17:20:30-07:00,0,17
style.css,27,css,3329d062,AudreyMeredith,2025-05-05,17:20:30,-07:00,2025-05-05T17:20:30-07:00,0,0
style.css,28,css,5e90b307,AudreyMeredith,2025-04-11,10:17:45,-07:00,2025-04-11T10:17:45-07:00,0,0
style.css,29,css,5e90b307,AudreyMeredith,2025-04-11,10:17:45,-07:00,2025-04-11T10:17:45-07:00,0,6
style.css,30,css,3329d062,AudreyMeredith,2025-05-05,17:20:30,-07:00,2025-05-05T17:20:30-07:00,0,7
style.css,31,css,3329d062,AudreyMeredith,2025-05-05,17:20:30,-07:00,2025-05-05T17:20:30-07:00,0,18
style.css,32,css,3329d062,AudreyMeredith,2025-05-05,17:20:30,-07:00,2025-05-05T17:20:30-07:00,0,14
style.css,33,css,3329d062,AudreyMeredith,2025-05-05,17:20:30,-07:00,2025-05-05T17:20:30-07:00,0,21
style.css,34,css,3329d062,AudreyMeredith,2025-05-05,17:20:30,-07:00,2025-05-05T17:20:30-07:00,0,14
style.css,35,css,5e90b307,AudreyMeredith,2025-04-11,10:17:45,-07:00,2025-04-11T10:17:45-07:00,0,0
style.css,36,css,5e90b307,AudreyMeredith,2025-04-11,10:17:45,-07:00,2025-04-11T10:17:45-07:00,0,0
style.css,37,css,5e90b307,AudreyMeredith,2025-04-11,10:17:45,-07:00,2025-04-11T10:17:45-07:00,0,12
style.css,38,css,3329d062,AudreyMeredith,2025-05-05,17:20:30,-07:00,2025-05-05T17:20:30-07:00,0,70
style.css,39,css,3329d062,AudreyMeredith,2025-05-05,17:20:30,-07:00,2025-05-05T17:20:30-07:00,0,46
style.css,40,css,3329d062,AudreyMeredith,2025-05-05,17:20:30,-07:00,2025-05-05T17:20:30-07:00,0,21
style.css,41,css,3329d062,AudreyMeredith,2025-05-05,17:20:30,-07:00,2025-05-05T17:20:30-07:00,0,0
style.css,42,css,5e90b307,AudreyMeredith,2025-04-11,10:17:45,-07:00,2025-04-11T10:17:45-07:00,0,0
style.css,43,css,5e90b307,AudreyMeredith,2025-04-11,10:17:45,-07:00,2025-04-11T10:17:45-07:00,0,14
style.css,44,css,3329d062,AudreyMeredith,2025-05-05,17:20:30,-07:00,2025-05-05T17:20:30-07:00,0,37
style.css,45,css,3329d062,AudreyMeredith,2025-05-05,17:20:30,-07:00,2025-05-05T17:20:30-07:00,0,46
style.css,46,css,3329d062,AudreyMeredith,2025-05-05,17:20:30,-07:00,2025-05-05T17:20:30-07:00,0,21
style.css,47,css,3329d062,AudreyMeredith,2025-05-05,17:20:30,-07:00,2025-05-05T17:20:30-07:00,0,0
style.css,48,css,5e90b307,AudreyMeredith,2025-04-11,10:17:45,-07:00,2025-04-11T10:17:45-07:00,0,0
style.css,49,css,3329d062,AudreyMeredith,2025-05-05,17:20:30,-07:00,2025-05-05T17:20:30-07:00,0,16
style.css,50,css,5e90b307,AudreyMeredith,2025-04-11,10:17:45,-07:00,2025-04-11T10:17:45-07:00,0,5
style.css,51,css,3329d062,AudreyMeredith,2025-05-05,17:20:30,-07:00,2025-05-05T17:20:30-07:00,0,13
style.css,52,css,3329d062,AudreyMeredith,2025-05-05,17:20:30,-07:00,2025-05-05T17:20:30-07:00,0,31
style.css,53,css,3329d062,AudreyMeredith,2025-05-05,17:20:30,-07:00,2025-05-05T17:20:30-07:00,0,8
style.css,54,css,3329d062,AudreyMeredith,2025-05-05,17:20:30,-07:00,2025-05-05T17:20:30-07:00,0,16
style.css,55,css,3329d062,AudreyMeredith,2025-05-05,17:20:30,-07:00,2025-05-05T17:20:30-07:00,0,14
style.css,56,css,5e90b307,AudreyMeredith,2025-04-11,10:17:45,-07:00,2025-04-11T10:17:45-07:00,0,0
style.css,57,css,5e90b307,AudreyMeredith,2025-04-11,10:17:45,-07:00,2025-04-11T10:17:45-07:00,0,0
style.css,58,css,5e90b307,AudreyMeredith,2025-04-11,10:17:45,-07:00,2025-04-11T10:17:45-07:00,0,11
style.css,59,css,3329d062,AudreyMeredith,2025-05-05,17:20:30,-07:00,2025-05-05T17:20:30-07:00,0,13
style.css,60,css,3329d062,AudreyMeredith,2025-05-05,17:20:30,-07:00,2025-05-05T17:20:30-07:00,0,30
style.css,61,css,3329d062,AudreyMeredith,2025-05-05,17:20:30,-07:00,2025-05-05T17:20:30-07:00,0,19
style.css,62,css,3329d062,AudreyMeredith,2025-05-05,17:20:30,-07:00,2025-05-05T17:20:30-07:00,0,19
style.css,63,css,3329d062,AudreyMeredith,2025-05-05,17:20:30,-07:00,2025-05-05T17:20:30-07:00,0,10
style.css,64,css,3329d062,AudreyMeredith,2025-05-05,17:20:30,-07:00,2025-05-05T17:20:30-07:00,0,17
style.css,65,css,5e90b307,AudreyMeredith,2025-04-11,10:17:45,-07:00,2025-04-11T10:17:45-07:00,0,0
style.css,66,css,5e90b307,AudreyMeredith,2025-04-11,10:17:45,-07:00,2025-04-11T10:17:45-07:00,0,0
style.css,67,css,5e90b307,AudreyMeredith,2025-04-11,10:17:45,-07:00,2025-04-11T10:17:45-07:00,0,10
style.css,68,css,5e90b307,AudreyMeredith,2025-04-11,10:17:45,-07:00,2025-04-11T10:17:45-07:00,0,14
style.css,69,css,3329d062,AudreyMeredith,2025-05-05,17:20:30,-07:00,2025-05-05T17:20:30-07:00,0,13
style.css,70,css,3329d062,AudreyMeredith,2025-05-05,17:20:30,-07:00,2025-05-05T17:20:30-07:00,0,11
style.css,71,css,3329d062,AudreyMeredith,2025-05-05,17:20:30,-07:00,2025-05-05T17:20:30-07:00,0,22
style.css,72,css,3329d062,AudreyMeredith,2025-05-05,17:20:30,-07:00,2025-05-05T17:20:30-07:00,0,14
style.css,73,css,3329d062,AudreyMeredith,2025-05-05,17:20:30,-07:00,2025-05-05T17:20:30-07:00,0,22
style.css,74,css,3329d062,AudreyMeredith,2025-05-05,17:20:30,-07:00,2025-05-05T17:20:30-07:00,0,18
style.css,75,css,5e90b307,AudreyMeredith,2025-04-11,10:17:45,-07:00,2025-04-11T10:17:45-07:00,0,0
style.css,76,css,5e90b307,AudreyMeredith,2025-04-11,10:17:45,-07:00,2025-04-11T10:17:45-07:00,0,0
style.css,77,css,5e90b307,AudreyMeredith,2025-04-11,10:17:45,-07:00,2025-04-11T10:17:45-07:00,0,14
style.css,78,css,3329d062,AudreyMeredith,2025-05-05,17:20:30,-07:00,2025-05-05T17:20:30-07:00,0,16
style.css,79,css,5e90b307,AudreyMeredith,2025-04-11,10:17:45,-07:00,2025-04-11T10:17:45-07:00,0,0
style.css,80,css,5e90b307,AudreyMeredith,2025-04-11,10:17:45,-07:00,2025-04-11T10:17:45-07:00,0,0
style.css,81,css,5e90b307,AudreyMeredith,2025-04-11,10:17:45,-07:00,2025-04-11T10:17:45-07:00,0,12
style.css,82,css,3329d062,AudreyMeredith,2025-05-05,17:20:30,-07:00,2025-05-05T17:20:30-07:00,0,19
style.css,83,css,3329d062,AudreyMeredith,2025-05-05,17:20:30,-07:00,2025-05-05T17:20:30-07:00,0,19
style.css,84,css,3329d062,AudreyMeredith,2025-05-05,17:20:30,-07:00,2025-05-05T17:20:30-07:00,0,18
style.css,85,css,3329d062,AudreyMeredith,2025-05-05,17:20:30,-07:00,2025-05-05T17:20:30-07:00,0,35
style.css,86,css,3329d062,AudreyMeredith,2025-05-05,17:20:30,-07:00,2025-05-05T17:20:30-07:00,0,12
style.css,87,css,3329d062,AudreyMeredith,2025-05-05,17:20:30,-07:00,2025-05-05T17:20:30-07:00,0,18
style.css,88,css,3329d062,AudreyMeredith,2025-05-05,17:20:30,-07:00,2025-05-05T17:20:30-07:00,0,13
style.css,89,css,3329d062,AudreyMeredith,2025-05-05,17:20:30,-07:00,2025-05-05T17:20:30-07:00,0,15
style.css,90,css,5e90b307,AudreyMeredith,2025-04-11,10:17:45,-07:00,2025-04-11T10:17:45-07:00,0,0
style.css,91,css,5e90b307,AudreyMeredith,2025-04-11,10:17:45,-07:00,2025-04-11T10:17:45-07:00,0,0
style.css,92,css,5e90b307,AudreyMeredith,2025-04-11,10:17:45,-07:00,2025-04-11T10:17:45-07:00,0,18
style.css,93,css,3329d062,AudreyMeredith,2025-05-05,17:20:30,-07:00,2025-05-05T17:20:30-07:00,0,35
style.css,94,css,5e90b307,AudreyMeredith,2025-04-11,10:17:45,-07:00,2025-04-11T10:17:45-07:00,0,0
style.css,95,css,5e90b307,AudreyMeredith,2025-04-11,10:17:45,-07:00,2025-04-11T10:17:45-07:00,0,0
style.css,96,css,3329d062,AudreyMeredith,2025-05-05,17:20:30,-07:00,2025-05-05T17:20:30-07:00,0,18
style.css,97,css,5e90b307,AudreyMeredith,2025-04-11,10:17:45,-07:00,2025-04-11T10:17:45-07:00,0,10
style.css,98,css,3329d062,AudreyMeredith,2025-05-05,17:20:30,-07:00,2025-05-05T17:20:30-07:00,0,13
style.css,99,css,3329d062,AudreyMeredith,2025-05-05,17:20:30,-07:00,2025-05-05T17:20:30-07:00,0,59
style.css,100,css,3329d062,AudreyMeredith,2025-05-05,17:20:30,-07:00,2025-05-05T17:20:30-07:00,0,27
style.css,101,css,3329d062,AudreyMeredith,2025-05-05,17:20:30,-07:00,2025-05-05T17:20:30-07:00,0,8
style.css,102,css,3329d062,AudreyMeredith,2025-05-05,17:20:30,-07:00,2025-05-05T17:20:30-07:00,0,0
style.css,103,css,5e90b307,AudreyMeredith,2025-04-11,10:17:45,-07:00,2025-04-11T10:17:45-07:00,0,0
style.css,104,css,3329d062,AudreyMeredith,2025-05-05,17:20:30,-07:00,2025-05-05T17:20:30-07:00,0,18
style.css,105,css,3329d062,AudreyMeredith,2025-05-05,17:20:30,-07:00,2025-05-05T17:20:30-07:00,0,13
style.css,106,css,3329d062,AudreyMeredith,2025-05-05,17:20:30,-07:00,2025-05-05T17:20:30-07:00,0,27
style.css,107,css,3329d062,AudreyMeredith,2025-05-05,17:20:30,-07:00,2025-05-05T17:20:30-07:00,0,16
style.css,108,css,3329d062,AudreyMeredith,2025-05-05,17:20:30,-07:00,2025-05-05T17:20:30-07:00,0,25
style.css,109,css,3329d062,AudreyMeredith,2025-05-05,17:20:30,-07:00,2025-05-05T17:20:30-07:00,0,12
style.css,110,css,3329d062,AudreyMeredith,2025-05-05,17:20:30,-07:00,2025-05-05T17:20:30-07:00,0,18
style.css,111,css,3329d062,AudreyMeredith,2025-05-05,17:20:30,-07:00,2025-05-05T17:20:30-07:00,0,40
style.css,112,css,5e90b307,AudreyMeredith,2025-04-11,10:17:45,-07:00,2025-04-11T10:17:45-07:00,0,0
style.css,113,css,5e90b307,AudreyMeredith,2025-04-11,10:17:45,-07:00,2025-04-11T10:17:45-07:00,0,0
style.css,114,css,3329d062,AudreyMeredith,2025-05-05,17:20:30,-07:00,2025-05-05T17:20:30-07:00,0,13
style.css,115,css,3329d062,AudreyMeredith,2025-05-05,17:20:30,-07:00,2025-05-05T17:20:30-07:00,0,9
style.css,116,css,3329d062,AudreyMeredith,2025-05-05,17:20:30,-07:00,2025-05-05T17:20:30-07:00,0,16
style.css,117,css,5e90b307,AudreyMeredith,2025-04-11,10:17:45,-07:00,2025-04-11T10:17:45-07:00,0,0
style.css,118,css,5e90b307,AudreyMeredith,2025-04-11,10:17:45,-07:00,2025-04-11T10:17:45-07:00,0,0
style.css,119,css,3329d062,AudreyMeredith,2025-05-05,17:20:30,-07:00,2025-05-05T17:20:30-07:00,0,14
style.css,120,css,3329d062,AudreyMeredith,2025-05-05,17:20:30,-07:00,2025-05-05T17:20:30-07:00,0,15
style.css,121,css,3329d062,AudreyMeredith,2025-05-05,17:20:30,-07:00,2025-05-05T17:20:30-07:00,0,12
style.css,122,css,3329d062,AudreyMeredith,2025-05-05,17:20:30,-07:00,2025-05-05T17:20:30-07:00,0,0
style.css,123,css,5e90b307,AudreyMeredith,2025-04-11,10:17:45,-07:00,2025-04-11T10:17:45-07:00,0,0
style.css,124,css,3329d062,AudreyMeredith,2025-05-05,17:20:30,-07:00,2025-05-05T17:20:30-07:00,0,12
style.css,125,css,3329d062,AudreyMeredith,2025-05-05,17:20:30,-07:00,2025-05-05T17:20:30-07:00,0,16
style.css,126,css,5e90b307,AudreyMeredith,2025-04-11,10:17:45,-07:00,2025-04-11T10:17:45-07:00,0,0
style.css,127,css,5e90b307,AudreyMeredith,2025-04-11,10:17:45,-07:00,2025-04-11T10:17:45-07:00,0,0
style.css,128,css,3329d062,AudreyMeredith,2025-05-05,17:20:30,-07:00,2025-05-05T17:20:30-07:00,0,14
style.css,129,css,3329d062,AudreyMeredith,2025-05-05,17:20:30,-07:00,2025-05-05T17:20:30-07:00,0,13
style.css,130,css,3329d062,AudreyMeredith,2025-05-05,17:20:30,-07:00,2025-05-05T17:20:30-07:00,0,22
style.css,131,css,3329d062,AudreyMeredith,2025-05-05,17:20:30,-07:00,2025-05-05T17:20:30-07:00,0,12
style.css,132,css,c44cc630,AudreyMeredith,2025-04-18,18:51:41,-07:00,2025-04-18T18:51:41-07:00,0,0
style.css,133,css,c44cc630,AudreyMeredith,2025-04-18,18:51:41,-07:00,2025-04-18T18:51:41-07:00,0,0
style.css,134,css,3329d062,AudreyMeredith,2025-05-05,17:20:30,-07:00,2025-05-05T17:20:30-07:00,0,14
style.css,135,css,3329d062,AudreyMeredith,2025-05-05,17:20:30,-07:00,2025-05-05T17:20:30-07:00,0,19
style.css,136,css,3329d062,AudreyMeredith,2025-05-05,17:20:30,-07:00,2025-05-05T17:20:30-07:00,0,11
style.css,137,css,3329d062,AudreyMeredith,2025-05-05,17:20:30,-07:00,2025-05-05T17:20:30-07:00,0,18
style.css,138,css,c44cc630,AudreyMeredith,2025-04-18,18:51:41,-07:00,2025-04-18T18:51:41-07:00,0,0
style.css,139,css,c44cc630,AudreyMeredith,2025-04-18,18:51:41,-07:00,2025-04-18T18:51:41-07:00,0,0
style.css,140,css,3329d062,AudreyMeredith,2025-05-05,17:20:30,-07:00,2025-05-05T17:20:30-07:00,0,13
style.css,141,css,3329d062,AudreyMeredith,2025-05-05,17:20:30,-07:00,2025-05-05T17:20:30-07:00,0,3
style.css,142,css,3329d062,AudreyMeredith,2025-05-05,17:20:30,-07:00,2025-05-05T17:20:30-07:00,0,15
style.css,143,css,3329d062,AudreyMeredith,2025-05-05,17:20:30,-07:00,2025-05-05T17:20:30-07:00,0,16
style.css,144,css,3329d062,AudreyMeredith,2025-05-05,17:20:30,-07:00,2025-05-05T17:20:30-07:00,0,19
style.css,145,css,3329d062,AudreyMeredith,2025-05-05,17:20:30,-07:00,2025-05-05T17:20:30-07:00,0,0
style.css,146,css,3329d062,AudreyMeredith,2025-05-05,17:20:30,-07:00,2025-05-05T17:20:30-07:00,0,0
style.css,147,css,3329d062,AudreyMeredith,2025-05-05,17:20:30,-07:00,2025-05-05T17:20:30-07:00,0,19
style.css,148,css,3329d062,AudreyMeredith,2025-05-05,17:20:30,-07:00,2025-05-05T17:20:30-07:00,0,16
style.css,149,css,3329d062,AudreyMeredith,2025-05-05,17:20:30,-07:00,2025-05-05T17:20:30-07:00,0,18
style.css,150,css,3329d062,AudreyMeredith,2025-05-05,17:20:30,-07:00,2025-05-05T17:20:30-07:00,0,0
style.css,151,css,3329d062,AudreyMeredith,2025-05-05,17:20:30,-07:00,2025-05-05T17:20:30-07:00,0,0
style.css,152,css,3329d062,AudreyMeredith,2025-05-05,17:20:30,-07:00,2025-05-05T17:20:30-07:00,0,3
style.css,153,css,3329d062,AudreyMeredith,2025-05-05,17:20:30,-07:00,2025-05-05T17:20:30-07:00,0,15
style.css,154,css,3329d062,AudreyMeredith,2025-05-05,17:20:30,-07:00,2025-05-05T17:20:30-07:00,0,0
style.css,155,css,3329d062,AudreyMeredith,2025-05-05,17:20:30,-07:00,2025-05-05T17:20:30-07:00,0,0
style.css,156,css,3329d062,AudreyMeredith,2025-05-05,17:20:30,-07:00,2025-05-05T17:20:30-07:00,0,19
style.css,157,css,c44cc630,AudreyMeredith,2025-04-18,18:51:41,-07:00,2025-04-18T18:51:41-07:00,0,14
style.css,158,css,c44cc630,AudreyMeredith,2025-04-18,18:51:41,-07:00,2025-04-18T18:51:41-07:00,0,18
style.css,159,css,c44cc630,AudreyMeredith,2025-04-18,18:51:41,-07:00,2025-04-18T18:51:41-07:00,0,9
style.css,160,css,c44cc630,AudreyMeredith,2025-04-18,18:51:41,-07:00,2025-04-18T18:51:41-07:00,0,11
style.css,161,css,c44cc630,AudreyMeredith,2025-04-18,18:51:41,-07:00,2025-04-18T18:51:41-07:00,0,17
style.css,162,css,c44cc630,AudreyMeredith,2025-04-18,18:51:41,-07:00,2025-04-18T18:51:41-07:00,0,20
style.css,163,css,c44cc630,AudreyMeredith,2025-04-18,18:51:41,-07:00,2025-04-18T18:51:41-07:00,0,0
style.css,164,css,5e90b307,AudreyMeredith,2025-04-11,10:17:45,-07:00,2025-04-11T10:17:45-07:00,0,0
style.css,165,css,c44cc630,AudreyMeredith,2025-04-18,18:51:41,-07:00,2025-04-18T18:51:41-07:00,0,21
style.css,166,css,c44cc630,AudreyMeredith,2025-04-18,18:51:41,-07:00,2025-04-18T18:51:41-07:00,0,18
style.css,167,css,c44cc630,AudreyMeredith,2025-04-18,18:51:41,-07:00,2025-04-18T18:51:41-07:00,0,20
style.css,168,css,c44cc630,AudreyMeredith,2025-04-18,18:51:41,-07:00,2025-04-18T18:51:41-07:00,0,0
style.css,169,css,5e90b307,AudreyMeredith,2025-04-11,10:17:45,-07:00,2025-04-11T10:17:45-07:00,0,0
style.css,170,css,3329d062,AudreyMeredith,2025-05-05,17:20:30,-07:00,2025-05-05T17:20:30-07:00,0,17
style.css,171,css,5425fb52,AudreyMeredith,2025-04-25,20:35:41,-07:00,2025-04-25T20:35:41-07:00,0,18
style.css,172,css,5425fb52,AudreyMeredith,2025-04-25,20:35:41,-07:00,2025-04-25T20:35:41-07:00,0,13
style.css,173,css,5425fb52,AudreyMeredith,2025-04-25,20:35:41,-07:00,2025-04-25T20:35:41-07:00,0,37
style.css,174,css,5425fb52,AudreyMeredith,2025-04-25,20:35:41,-07:00,2025-04-25T20:35:41-07:00,0,15
style.css,175,css,5425fb52,AudreyMeredith,2025-04-25,20:35:41,-07:00,2025-04-25T20:35:41-07:00,0,18
style.css,176,css,5425fb52,AudreyMeredith,2025-04-25,20:35:41,-07:00,2025-04-25T20:35:41-07:00,0,0
style.css,177,css,5425fb52,AudreyMeredith,2025-04-25,20:35:41,-07:00,2025-04-25T20:35:41-07:00,0,0
style.css,178,css,5425fb52,AudreyMeredith,2025-04-25,20:35:41,-07:00,2025-04-25T20:35:41-07:00,0,18
style.css,179,css,5425fb52,AudreyMeredith,2025-04-25,20:35:41,-07:00,2025-04-25T20:35:41-07:00,0,17
style.css,180,css,5425fb52,AudreyMeredith,2025-04-25,20:35:41,-07:00,2025-04-25T20:35:41-07:00,0,11
style.css,181,css,5425fb52,AudreyMeredith,2025-04-25,20:35:41,-07:00,2025-04-25T20:35:41-07:00,0,0
style.css,182,css,5425fb52,AudreyMeredith,2025-04-25,20:35:41,-07:00,2025-04-25T20:35:41-07:00,0,0
style.css,183,css,5425fb52,AudreyMeredith,2025-04-25,20:35:41,-07:00,2025-04-25T20:35:41-07:00,0,18
style.css,184,css,5425fb52,AudreyMeredith,2025-04-25,20:35:41,-07:00,2025-04-25T20:35:41-07:00,0,9
style.css,185,css,5425fb52,AudreyMeredith,2025-04-25,20:35:41,-07:00,2025-04-25T20:35:41-07:00,0,11
style.css,186,css,5425fb52,AudreyMeredith,2025-04-25,20:35:41,-07:00,2025-04-25T20:35:41-07:00,0,0
style.css,187,css,509fcda5,AudreyMeredith,2025-05-01,21:52:52,-07:00,2025-05-01T21:52:52-07:00,0,0
style.css,188,css,3329d062,AudreyMeredith,2025-05-05,17:20:30,-07:00,2025-05-05T17:20:30-07:00,0,33
style.css,189,css,db5c4819,AudreyMeredith,2025-05-01,23:18:43,-07:00,2025-05-01T23:18:43-07:00,0,11
style.css,190,css,db5c4819,AudreyMeredith,2025-05-01,23:18:43,-07:00,2025-05-01T23:18:43-07:00,0,13
style.css,191,css,db5c4819,AudreyMeredith,2025-05-01,23:18:43,-07:00,2025-05-01T23:18:43-07:00,0,23
style.css,192,css,db5c4819,AudreyMeredith,2025-05-01,23:18:43,-07:00,2025-05-01T23:18:43-07:00,0,8
style.css,193,css,db5c4819,AudreyMeredith,2025-05-01,23:18:43,-07:00,2025-05-01T23:18:43-07:00,0,17
style.css,194,css,db5c4819,AudreyMeredith,2025-05-01,23:18:43,-07:00,2025-05-01T23:18:43-07:00,0,0
style.css,195,css,db5c4819,AudreyMeredith,2025-05-01,23:18:43,-07:00,2025-05-01T23:18:43-07:00,0,0
style.css,196,css,db5c4819,AudreyMeredith,2025-05-01,23:18:43,-07:00,2025-05-01T23:18:43-07:00,0,19
style.css,197,css,db5c4819,AudreyMeredith,2025-05-01,23:18:43,-07:00,2025-05-01T23:18:43-07:00,0,15
style.css,198,css,db5c4819,AudreyMeredith,2025-05-01,23:18:43,-07:00,2025-05-01T23:18:43-07:00,0,14
style.css,199,css,db5c4819,AudreyMeredith,2025-05-01,23:18:43,-07:00,2025-05-01T23:18:43-07:00,0,17
style.css,200,css,db5c4819,AudreyMeredith,2025-05-01,23:18:43,-07:00,2025-05-01T23:18:43-07:00,0,0
style.css,201,css,db5c4819,AudreyMeredith,2025-05-01,23:18:43,-07:00,2025-05-01T23:18:43-07:00,0,0
style.css,202,css,3329d062,AudreyMeredith,2025-05-05,17:20:30,-07:00,2025-05-05T17:20:30-07:00,0,40
style.css,203,css,3329d062,AudreyMeredith,2025-05-05,17:20:30,-07:00,2025-05-05T17:20:30-07:00,0,0
style.css,204,css,3329d062,AudreyMeredith,2025-05-05,17:20:30,-07:00,2025-05-05T17:20:30-07:00,0,52
style.css,205,css,3329d062,AudreyMeredith,2025-05-05,17:20:30,-07:00,2025-05-05T17:20:30-07:00,0,24
style.css,206,css,3329d062,AudreyMeredith,2025-05-05,17:20:30,-07:00,2025-05-05T17:20:30-07:00,0,25
style.css,207,css,3329d062,AudreyMeredith,2025-05-05,17:20:30,-07:00,2025-05-05T17:20:30-07:00,0,15
style.css,208,css,3329d062,AudreyMeredith,2025-05-05,17:20:30,-07:00,2025-05-05T17:20:30-07:00,0,0
style.css,209,css,3329d062,AudreyMeredith,2025-05-05,17:20:30,-07:00,2025-05-05T17:20:30-07:00,0,0
style.css,210,css,3329d062,AudreyMeredith,2025-05-05,17:20:30,-07:00,2025-05-05T17:20:30-07:00,0,40
style.css,211,css,b43328d6,AudreyMeredith,2025-05-02,22:32:19,-07:00,2025-05-02T22:32:19-07:00,0,52
style.css,212,css,b43328d6,AudreyMeredith,2025-05-02,22:32:19,-07:00,2025-05-02T22:32:19-07:00,0,12
style.css,213,css,b43328d6,AudreyMeredith,2025-05-02,22:32:19,-07:00,2025-05-02T22:32:19-07:00,0,0
style.css,214,css,b43328d6,AudreyMeredith,2025-05-02,22:32:19,-07:00,2025-05-02T22:32:19-07:00,0,0
style.css,215,css,3329d062,AudreyMeredith,2025-05-05,17:20:30,-07:00,2025-05-05T17:20:30-07:00,0,45
style.css,216,css,3329d062,AudreyMeredith,2025-05-05,17:20:30,-07:00,2025-05-05T17:20:30-07:00,0,54
style.css,217,css,3329d062,AudreyMeredith,2025-05-05,17:20:30,-07:00,2025-05-05T17:20:30-07:00,0,12
style.css,218,css,3329d062,AudreyMeredith,2025-05-05,17:20:30,-07:00,2025-05-05T17:20:30-07:00,0,0
style.css,219,css,3329d062,AudreyMeredith,2025-05-05,17:20:30,-07:00,2025-05-05T17:20:30-07:00,0,0
style.css,220,css,3329d062,AudreyMeredith,2025-05-05,17:20:30,-07:00,2025-05-05T17:20:30-07:00,0,40
style.css,221,css,3329d062,AudreyMeredith,2025-05-05,17:20:30,-07:00,2025-05-05T17:20:30-07:00,0,48
style.css,222,css,3329d062,AudreyMeredith,2025-05-05,17:20:30,-07:00,2025-05-05T17:20:30-07:00,0,10
style.css,223,css,3329d062,AudreyMeredith,2025-05-05,17:20:30,-07:00,2025-05-05T17:20:30-07:00,0,0
style.css,224,css,3329d062,AudreyMeredith,2025-05-05,17:20:30,-07:00,2025-05-05T17:20:30-07:00,0,0
style.css,225,css,3329d062,AudreyMeredith,2025-05-05,17:20:30,-07:00,2025-05-05T17:20:30-07:00,0,18
style.css,226,css,db5c4819,AudreyMeredith,2025-05-01,23:18:43,-07:00,2025-05-01T23:18:43-07:00,0,8
style.css,227,css,db5c4819,AudreyMeredith,2025-05-01,23:18:43,-07:00,2025-05-01T23:18:43-07:00,0,13
style.css,228,css,db5c4819,AudreyMeredith,2025-05-01,23:18:43,-07:00,2025-05-01T23:18:43-07:00,0,58
style.css,229,css,db5c4819,AudreyMeredith,2025-05-01,23:18:43,-07:00,2025-05-01T23:18:43-07:00,0,8
style.css,230,css,db5c4819,AudreyMeredith,2025-05-01,23:18:43,-07:00,2025-05-01T23:18:43-07:00,0,12
style.css,231,css,db5c4819,AudreyMeredith,2025-05-01,23:18:43,-07:00,2025-05-01T23:18:43-07:00,0,9
style.css,232,css,db5c4819,AudreyMeredith,2025-05-01,23:18:43,-07:00,2025-05-01T23:18:43-07:00,0,16
style.css,233,css,db5c4819,AudreyMeredith,2025-05-01,23:18:43,-07:00,2025-05-01T23:18:43-07:00,0,22
style.css,234,css,db5c4819,AudreyMeredith,2025-05-01,23:18:43,-07:00,2025-05-01T23:18:43-07:00,0,7
style.css,235,css,db5c4819,AudreyMeredith,2025-05-01,23:18:43,-07:00,2025-05-01T23:18:43-07:00,0,0
style.css,236,css,db5c4819,AudreyMeredith,2025-05-01,23:18:43,-07:00,2025-05-01T23:18:43-07:00,0,0
style.css,237,css,db5c4819,AudreyMeredith,2025-05-01,23:18:43,-07:00,2025-05-01T23:18:43-07:00,0,13
style.css,238,css,db5c4819,AudreyMeredith,2025-05-01,23:18:43,-07:00,2025-05-01T23:18:43-07:00,0,13
style.css,239,css,db5c4819,AudreyMeredith,2025-05-01,23:18:43,-07:00,2025-05-01T23:18:43-07:00,0,19
style.css,240,css,db5c4819,AudreyMeredith,2025-05-01,23:18:43,-07:00,2025-05-01T23:18:43-07:00,0,10
style.css,241,css,db5c4819,AudreyMeredith,2025-05-01,23:18:43,-07:00,2025-05-01T23:18:43-07:00,0,0
style.css,242,css,db5c4819,AudreyMeredith,2025-05-01,23:18:43,-07:00,2025-05-01T23:18:43-07:00,0,0
style.css,243,css,3329d062,AudreyMeredith,2025-05-05,17:20:30,-07:00,2025-05-05T17:20:30-07:00,0,27
style.css,244,css,db5c4819,AudreyMeredith,2025-05-01,23:18:43,-07:00,2025-05-01T23:18:43-07:00,0,21
style.css,245,css,db5c4819,AudreyMeredith,2025-05-01,23:18:43,-07:00,2025-05-01T23:18:43-07:00,0,21
style.css,246,css,db5c4819,AudreyMeredith,2025-05-01,23:18:43,-07:00,2025-05-01T23:18:43-07:00,0,10
style.css,247,css,db5c4819,AudreyMeredith,2025-05-01,23:18:43,-07:00,2025-05-01T23:18:43-07:00,0,11
style.css,248,css,db5c4819,AudreyMeredith,2025-05-01,23:18:43,-07:00,2025-05-01T23:18:43-07:00,0,19
style.css,249,css,db5c4819,AudreyMeredith,2025-05-01,23:18:43,-07:00,2025-05-01T23:18:43-07:00,0,30
style.css,250,css,db5c4819,AudreyMeredith,2025-05-01,23:18:43,-07:00,2025-05-01T23:18:43-07:00,0,21
style.css,251,css,db5c4819,AudreyMeredith,2025-05-01,23:18:43,-07:00,2025-05-01T23:18:43-07:00,0,0
style.css,252,css,b43328d6,AudreyMeredith,2025-05-02,22:32:19,-07:00,2025-05-02T22:32:19-07:00,0,0
resume.html,1,html,ef76d0ef,AudreyMeredith,2025-04-04,18:05:26,-07:00,2025-04-04T18:05:26-07:00,0,14
resume.html,2,html,ef76d0ef,AudreyMeredith,2025-04-04,18:05:26,-07:00,2025-04-04T18:05:26-07:00,0,15
resume.html,3,html,ef76d0ef,AudreyMeredith,2025-04-04,18:05:26,-07:00,2025-04-04T18:05:26-07:00,0,5
resume.html,4,html,ef76d0ef,AudreyMeredith,2025-04-04,18:05:26,-07:00,2025-04-04T18:05:26-07:00,0,21
resume.html,5,html,ef76d0ef,AudreyMeredith,2025-04-04,18:05:26,-07:00,2025-04-04T18:05:26-07:00,0,69
resume.html,6,html,ef76d0ef,AudreyMeredith,2025-04-04,18:05:26,-07:00,2025-04-04T18:05:26-07:00,0,36
resume.html,7,html,ef76d0ef,AudreyMeredith,2025-04-04,18:05:26,-07:00,2025-04-04T18:05:26-07:00,0,39
resume.html,8,html,5e90b307,AudreyMeredith,2025-04-11,10:17:45,-07:00,2025-04-11T10:17:45-07:00,0,0
resume.html,9,html,ef76d0ef,AudreyMeredith,2025-04-04,18:05:26,-07:00,2025-04-04T18:05:26-07:00,0,6
resume.html,10,html,ef76d0ef,AudreyMeredith,2025-04-04,18:05:26,-07:00,2025-04-04T18:05:26-07:00,0,5
resume.html,11,html,c44cc630,AudreyMeredith,2025-04-18,18:51:41,-07:00,2025-04-18T18:51:41-07:00,0,9
resume.html,12,html,5e90b307,AudreyMeredith,2025-04-11,10:17:45,-07:00,2025-04-11T10:17:45-07:00,0,28
resume.html,13,html,ef76d0ef,AudreyMeredith,2025-04-04,18:05:26,-07:00,2025-04-04T18:05:26-07:00,0,41
resume.html,14,html,ef76d0ef,AudreyMeredith,2025-04-04,18:05:26,-07:00,2025-04-04T18:05:26-07:00,0,39
resume.html,15,html,c44cc630,AudreyMeredith,2025-04-18,18:51:41,-07:00,2025-04-18T18:51:41-07:00,0,32
resume.html,16,html,ef76d0ef,AudreyMeredith,2025-04-04,18:05:26,-07:00,2025-04-04T18:05:26-07:00,0,69
resume.html,17,html,c44cc630,AudreyMeredith,2025-04-18,18:51:41,-07:00,2025-04-18T18:51:41-07:00,0,9
resume.html,18,html,ef76d0ef,AudreyMeredith,2025-04-04,18:05:26,-07:00,2025-04-04T18:05:26-07:00,0,0
resume.html,19,html,ef76d0ef,AudreyMeredith,2025-04-04,18:05:26,-07:00,2025-04-04T18:05:26-07:00,0,7
resume.html,20,html,ef76d0ef,AudreyMeredith,2025-04-04,18:05:26,-07:00,2025-04-04T18:05:26-07:00,0,23
resume.html,21,html,5e90b307,AudreyMeredith,2025-04-11,10:17:45,-07:00,2025-04-11T10:17:45-07:00,0,82
resume.html,22,html,ef76d0ef,AudreyMeredith,2025-04-04,18:05:26,-07:00,2025-04-04T18:05:26-07:00,0,8
resume.html,23,html,ef76d0ef,AudreyMeredith,2025-04-04,18:05:26,-07:00,2025-04-04T18:05:26-07:00,0,0
resume.html,24,html,ef76d0ef,AudreyMeredith,2025-04-04,18:05:26,-07:00,2025-04-04T18:05:26-07:00,0,8
resume.html,25,html,ef76d0ef,AudreyMeredith,2025-04-04,18:05:26,-07:00,2025-04-04T18:05:26-07:00,0,17
resume.html,26,html,ef76d0ef,AudreyMeredith,2025-04-04,18:05:26,-07:00,2025-04-04T18:05:26-07:00,0,0
resume.html,27,html,ef76d0ef,AudreyMeredith,2025-04-04,18:05:26,-07:00,2025-04-04T18:05:26-07:00,0,8
resume.html,28,html,ef76d0ef,AudreyMeredith,2025-04-04,18:05:26,-07:00,2025-04-04T18:05:26-07:00,0,57
resume.html,29,html,ef76d0ef,AudreyMeredith,2025-04-04,18:05:26,-07:00,2025-04-04T18:05:26-07:00,0,62
resume.html,30,html,ef76d0ef,AudreyMeredith,2025-04-04,18:05:26,-07:00,2025-04-04T18:05:26-07:00,0,91
resume.html,31,html,ef76d0ef,AudreyMeredith,2025-04-04,18:05:26,-07:00,2025-04-04T18:05:26-07:00,0,21
resume.html,32,html,ef76d0ef,AudreyMeredith,2025-04-04,18:05:26,-07:00,2025-04-04T18:05:26-07:00,0,0
resume.html,33,html,5e90b307,AudreyMeredith,2025-04-11,10:17:45,-07:00,2025-04-11T10:17:45-07:00,0,8
resume.html,34,html,5e90b307,AudreyMeredith,2025-04-11,10:17:45,-07:00,2025-04-11T10:17:45-07:00,0,37
resume.html,35,html,5e90b307,AudreyMeredith,2025-04-11,10:17:45,-07:00,2025-04-11T10:17:45-07:00,0,3
resume.html,36,html,5e90b307,AudreyMeredith,2025-04-11,10:17:45,-07:00,2025-04-11T10:17:45-07:00,0,79
resume.html,37,html,5e90b307,AudreyMeredith,2025-04-11,10:17:45,-07:00,2025-04-11T10:17:45-07:00,0,75
resume.html,38,html,5e90b307,AudreyMeredith,2025-04-11,10:17:45,-07:00,2025-04-11T10:17:45-07:00,0,49
resume.html,39,html,5e90b307,AudreyMeredith,2025-04-11,10:17:45,-07:00,2025-04-11T10:17:45-07:00,0,4
resume.html,40,html,5e90b307,AudreyMeredith,2025-04-11,10:17:45,-07:00,2025-04-11T10:17:45-07:00,0,9
resume.html,41,html,ef76d0ef,AudreyMeredith,2025-04-04,18:05:26,-07:00,2025-04-04T18:05:26-07:00,0,0
resume.html,42,html,5e90b307,AudreyMeredith,2025-04-11,10:17:45,-07:00,2025-04-11T10:17:45-07:00,0,8
resume.html,43,html,5e90b307,AudreyMeredith,2025-04-11,10:17:45,-07:00,2025-04-11T10:17:45-07:00,0,26
resume.html,44,html,5e90b307,AudreyMeredith,2025-04-11,10:17:45,-07:00,2025-04-11T10:17:45-07:00,0,3
resume.html,45,html,5e90b307,AudreyMeredith,2025-04-11,10:17:45,-07:00,2025-04-11T10:17:45-07:00,0,88
resume.html,46,html,5e90b307,AudreyMeredith,2025-04-11,10:17:45,-07:00,2025-04-11T10:17:45-07:00,0,89
resume.html,47,html,5e90b307,AudreyMeredith,2025-04-11,10:17:45,-07:00,2025-04-11T10:17:45-07:00,0,82
resume.html,48,html,5e90b307,AudreyMeredith,2025-04-11,10:17:45,-07:00,2025-04-11T10:17:45-07:00,0,4
resume.html,49,html,5e90b307,AudreyMeredith,2025-04-11,10:17:45,-07:00,2025-04-11T10:17:45-07:00,0,9
resume.html,50,html,ef76d0ef,AudreyMeredith,2025-04-04,18:05:26,-07:00,2025-04-04T18:05:26-07:00,0,9
resume.html,51,html,ef76d0ef,AudreyMeredith,2025-04-04,18:05:26,-07:00,2025-04-04T18:05:26-07:00,0,0
resume.html,52,html,ef76d0ef,AudreyMeredith,2025-04-04,18:05:26,-07:00,2025-04-04T18:05:26-07:00,0,8
resume.html,53,html,ef76d0ef,AudreyMeredith,2025-04-04,18:05:26,-07:00,2025-04-04T18:05:26-07:00,0,31
resume.html,54,html,ef76d0ef,AudreyMeredith,2025-04-04,18:05:26,-07:00,2025-04-04T18:05:26-07:00,0,64
resume.html,55,html,ef76d0ef,AudreyMeredith,2025-04-04,18:05:26,-07:00,2025-04-04T18:05:26-07:00,0,70
resume.html,56,html,ef76d0ef,AudreyMeredith,2025-04-04,18:05:26,-07:00,2025-04-04T18:05:26-07:00,0,0
resume.html,57,html,5e90b307,AudreyMeredith,2025-04-11,10:17:45,-07:00,2025-04-11T10:17:45-07:00,0,8
resume.html,58,html,5e90b307,AudreyMeredith,2025-04-11,10:17:45,-07:00,2025-04-11T10:17:45-07:00,0,36
resume.html,59,html,5e90b307,AudreyMeredith,2025-04-11,10:17:45,-07:00,2025-04-11T10:17:45-07:00,0,3
resume.html,60,html,5e90b307,AudreyMeredith,2025-04-11,10:17:45,-07:00,2025-04-11T10:17:45-07:00,0,104
resume.html,61,html,5e90b307,AudreyMeredith,2025-04-11,10:17:45,-07:00,2025-04-11T10:17:45-07:00,0,70
resume.html,62,html,5e90b307,AudreyMeredith,2025-04-11,10:17:45,-07:00,2025-04-11T10:17:45-07:00,0,4
resume.html,63,html,5e90b307,AudreyMeredith,2025-04-11,10:17:45,-07:00,2025-04-11T10:17:45-07:00,0,9
resume.html,64,html,ef76d0ef,AudreyMeredith,2025-04-04,18:05:26,-07:00,2025-04-04T18:05:26-07:00,0,9
resume.html,65,html,ef76d0ef,AudreyMeredith,2025-04-04,18:05:26,-07:00,2025-04-04T18:05:26-07:00,0,9
resume.html,66,html,ef76d0ef,AudreyMeredith,2025-04-04,18:05:26,-07:00,2025-04-04T18:05:26-07:00,0,0
resume.html,67,html,ef76d0ef,AudreyMeredith,2025-04-04,18:05:26,-07:00,2025-04-04T18:05:26-07:00,0,8
resume.html,68,html,ef76d0ef,AudreyMeredith,2025-04-04,18:05:26,-07:00,2025-04-04T18:05:26-07:00,0,31
resume.html,69,html,ef76d0ef,AudreyMeredith,2025-04-04,18:05:26,-07:00,2025-04-04T18:05:26-07:00,0,0
resume.html,70,html,ef76d0ef,AudreyMeredith,2025-04-04,18:05:26,-07:00,2025-04-04T18:05:26-07:00,0,8
resume.html,71,html,ef76d0ef,AudreyMeredith,2025-04-04,18:05:26,-07:00,2025-04-04T18:05:26-07:00,0,52
resume.html,72,html,ef76d0ef,AudreyMeredith,2025-04-04,18:05:26,-07:00,2025-04-04T18:05:26-07:00,0,56
resume.html,73,html,ef76d0ef,AudreyMeredith,2025-04-04,18:05:26,-07:00,2025-04-04T18:05:26-07:00,0,58
resume.html,74,html,ef76d0ef,AudreyMeredith,2025-04-04,18:05:26,-07:00,2025-04-04T18:05:26-07:00,0,9
resume.html,75,html,ef76d0ef,AudreyMeredith,2025-04-04,18:05:26,-07:00,2025-04-04T18:05:26-07:00,0,0
resume.html,76,html,ef76d0ef,AudreyMeredith,2025-04-04,18:05:26,-07:00,2025-04-04T18:05:26-07:00,0,8
resume.html,77,html,ef76d0ef,AudreyMeredith,2025-04-04,18:05:26,-07:00,2025-04-04T18:05:26-07:00,0,61
resume.html,78,html,ef76d0ef,AudreyMeredith,2025-04-04,18:05:26,-07:00,2025-04-04T18:05:26-07:00,0,75
resume.html,79,html,ef76d0ef,AudreyMeredith,2025-04-04,18:05:26,-07:00,2025-04-04T18:05:26-07:00,0,88
resume.html,80,html,ef76d0ef,AudreyMeredith,2025-04-04,18:05:26,-07:00,2025-04-04T18:05:26-07:00,0,9
resume.html,81,html,ef76d0ef,AudreyMeredith,2025-04-04,18:05:26,-07:00,2025-04-04T18:05:26-07:00,0,0
resume.html,82,html,ef76d0ef,AudreyMeredith,2025-04-04,18:05:26,-07:00,2025-04-04T18:05:26-07:00,0,8
resume.html,83,html,ef76d0ef,AudreyMeredith,2025-04-04,18:05:26,-07:00,2025-04-04T18:05:26-07:00,0,44
resume.html,84,html,ef76d0ef,AudreyMeredith,2025-04-04,18:05:26,-07:00,2025-04-04T18:05:26-07:00,0,56
resume.html,85,html,ef76d0ef,AudreyMeredith,2025-04-04,18:05:26,-07:00,2025-04-04T18:05:26-07:00,0,90
resume.html,86,html,ef76d0ef,AudreyMeredith,2025-04-04,18:05:26,-07:00,2025-04-04T18:05:26-07:00,0,9
resume.html,87,html,ef76d0ef,AudreyMeredith,2025-04-04,18:05:26,-07:00,2025-04-04T18:05:26-07:00,0,9
resume.html,88,html,ef76d0ef,AudreyMeredith,2025-04-04,18:05:26,-07:00,2025-04-04T18:05:26-07:00,0,0
resume.html,89,html,ef76d0ef,AudreyMeredith,2025-04-04,18:05:26,-07:00,2025-04-04T18:05:26-07:00,0,8
resume.html,90,html,ef76d0ef,AudreyMeredith,2025-04-04,18:05:26,-07:00,2025-04-04T18:05:26-07:00,0,25
resume.html,91,html,5e90b307,AudreyMeredith,2025-04-11,10:17:45,-07:00,2025-04-11T10:17:45-07:00,0,8
resume.html,92,html,5e90b307,AudreyMeredith,2025-04-11,10:17:45,-07:00,2025-04-11T10:17:45-07:00,0,28
resume.html,93,html,ef76d0ef,AudreyMeredith,2025-04-04,18:05:26,-07:00,2025-04-04T18:05:26-07:00,0,3
resume.html,94,html,5e90b307,AudreyMeredith,2025-04-11,10:17:45,-07:00,2025-04-11T10:17:45-07:00,0,71
resume.html,95,html,5e90b307,AudreyMeredith,2025-04-11,10:17:45,-07:00,2025-04-11T10:17:45-07:00,0,66
resume.html,96,html,5e90b307,AudreyMeredith,2025-04-11,10:17:45,-07:00,2025-04-11T10:17:45-07:00,0,59
resume.html,97,html,5e90b307,AudreyMeredith,2025-04-11,10:17:45,-07:00,2025-04-11T10:17:45-07:00,0,3
resume.html,98,html,5e90b307,AudreyMeredith,2025-04-11,10:17:45,-07:00,2025-04-11T10:17:45-07:00,0,43
resume.html,99,html,5e90b307,AudreyMeredith,2025-04-11,10:17:45,-07:00,2025-04-11T10:17:45-07:00,0,67
resume.html,100,html,5e90b307,AudreyMeredith,2025-04-11,10:17:45,-07:00,2025-04-11T10:17:45-07:00,0,61
resume.html,101,html,5e90b307,AudreyMeredith,2025-04-11,10:17:45,-07:00,2025-04-11T10:17:45-07:00,0,4
resume.html,102,html,ef76d0ef,AudreyMeredith,2025-04-04,18:05:26,-07:00,2025-04-04T18:05:26-07:00,0,4
resume.html,103,html,5e90b307,AudreyMeredith,2025-04-11,10:17:45,-07:00,2025-04-11T10:17:45-07:00,0,9
resume.html,104,html,ef76d0ef,AudreyMeredith,2025-04-04,18:05:26,-07:00,2025-04-04T18:05:26-07:00,0,9
resume.html,105,html,ef76d0ef,AudreyMeredith,2025-04-04,18:05:26,-07:00,2025-04-04T18:05:26-07:00,0,0
resume.html,106,html,ef76d0ef,AudreyMeredith,2025-04-04,18:05:26,-07:00,2025-04-04T18:05:26-07:00,0,8
resume.html,107,html,ef76d0ef,AudreyMeredith,2025-04-04,18:05:26,-07:00,2025-04-04T18:05:26-07:00,0,41
resume.html,108,html,ef76d0ef,AudreyMeredith,2025-04-04,18:05:26,-07:00,2025-04-04T18:05:26-07:00,0,99
resume.html,109,html,ef76d0ef,AudreyMeredith,2025-04-04,18:05:26,-07:00,2025-04-04T18:05:26-07:00,0,60
resume.html,110,html,ef76d0ef,AudreyMeredith,2025-04-04,18:05:26,-07:00,2025-04-04T18:05:26-07:00,0,113
resume.html,111,html,ef76d0ef,AudreyMeredith,2025-04-04,18:05:26,-07:00,2025-04-04T18:05:26-07:00,0,9
resume.html,112,html,c44cc630,AudreyMeredith,2025-04-18,18:51:41,-07:00,2025-04-18T18:51:41-07:00,0,46
resume.html,113,html,ef76d0ef,AudreyMeredith,2025-04-04,18:05:26,-07:00,2025-04-04T18:05:26-07:00,0,6
resume.html,114,html,ef76d0ef,AudreyMeredith,2025-04-04,18:05:26,-07:00,2025-04-04T18:05:26-07:00,0,6
index.js,1,js,d030fb34,AudreyMeredith,2025-04-25,21:22:20,-07:00,2025-04-25T21:22:20-07:00,0,72
index.js,2,js,5425fb52,AudreyMeredith,2025-04-25,20:35:41,-07:00,2025-04-25T20:35:41-07:00,0,55
index.js,3,js,5425fb52,AudreyMeredith,2025-04-25,20:35:41,-07:00,2025-04-25T20:35:41-07:00,0,43
index.js,4,js,5425fb52,AudreyMeredith,2025-04-25,20:35:41,-07:00,2025-04-25T20:35:41-07:00,0,61
index.js,5,js,5425fb52,AudreyMeredith,2025-04-25,20:35:41,-07:00,2025-04-25T20:35:41-07:00,0,55
index.js,6,js,5425fb52,AudreyMeredith,2025-04-25,20:35:41,-07:00,2025-04-25T20:35:41-07:00,0,0
index.js,7,js,d7fce7b0,AudreyMeredith,2025-04-25,21:08:41,-07:00,2025-04-25T21:08:41-07:00,0,58
index.js,8,js,5425fb52,AudreyMeredith,2025-04-25,20:35:41,-07:00,2025-04-25T20:35:41-07:00,0,61
index.js,9,js,5425fb52,AudreyMeredith,2025-04-25,20:35:41,-07:00,2025-04-25T20:35:41-07:00,0,0
index.js,10,js,5425fb52,AudreyMeredith,2025-04-25,20:35:41,-07:00,2025-04-25T20:35:41-07:00,0,18
index.js,11,js,5425fb52,AudreyMeredith,2025-04-25,20:35:41,-07:00,2025-04-25T20:35:41-07:00,0,25
index.js,12,js,5425fb52,AudreyMeredith,2025-04-25,20:35:41,-07:00,2025-04-25T20:35:41-07:00,0,3
index.js,13,js,5425fb52,AudreyMeredith,2025-04-25,20:35:41,-07:00,2025-04-25T20:35:41-07:00,0,56
index.js,14,js,5425fb52,AudreyMeredith,2025-04-25,20:35:41,-07:00,2025-04-25T20:35:41-07:00,0,56
index.js,15,js,5425fb52,AudreyMeredith,2025-04-25,20:35:41,-07:00,2025-04-25T20:35:41-07:00,0,50
index.js,16,js,5425fb52,AudreyMeredith,2025-04-25,20:35:41,-07:00,2025-04-25T20:35:41-07:00,0,50
index.js,17,js,5425fb52,AudreyMeredith,2025-04-25,20:35:41,-07:00,2025-04-25T20:35:41-07:00,0,4
index.js,18,js,5425fb52,AudreyMeredith,2025-04-25,20:35:41,-07:00,2025-04-25T20:35:41-07:00,0,1
index.js,19,js,5425fb52,AudreyMeredith,2025-04-25,20:35:41,-07:00,2025-04-25T20:35:41-07:00,0,0
index.html,1,html,f89c4ec7,AudreyMeredith,2025-04-04,10:56:42,-07:00,2025-04-04T10:56:42-07:00,0,14
index.html,2,html,f89c4ec7,AudreyMeredith,2025-04-04,10:56:42,-07:00,2025-04-04T10:56:42-07:00,0,15
index.html,3,html,f89c4ec7,AudreyMeredith,2025-04-04,10:56:42,-07:00,2025-04-04T10:56:42-07:00,0,5
index.html,4,html,5e90b307,AudreyMeredith,2025-04-11,10:17:45,-07:00,2025-04-11T10:17:45-07:00,0,21
index.html,5,html,5e90b307,AudreyMeredith,2025-04-11,10:17:45,-07:00,2025-04-11T10:17:45-07:00,0,69
index.html,6,html,5e90b307,AudreyMeredith,2025-04-11,10:17:45,-07:00,2025-04-11T10:17:45-07:00,0,58
index.html,7,html,5e90b307,AudreyMeredith,2025-04-11,10:17:45,-07:00,2025-04-11T10:17:45-07:00,0,39
index.html,8,html,5e90b307,AudreyMeredith,2025-04-11,10:17:45,-07:00,2025-04-11T10:17:45-07:00,0,0
index.html,9,html,f89c4ec7,AudreyMeredith,2025-04-04,10:56:42,-07:00,2025-04-04T10:56:42-07:00,0,6
index.html,10,html,ef76d0ef,AudreyMeredith,2025-04-04,18:05:26,-07:00,2025-04-04T18:05:26-07:00,0,0
index.html,11,html,5e90b307,AudreyMeredith,2025-04-11,10:17:45,-07:00,2025-04-11T10:17:45-07:00,0,5
index.html,12,html,c44cc630,AudreyMeredith,2025-04-18,18:51:41,-07:00,2025-04-18T18:51:41-07:00,0,9
index.html,13,html,5e90b307,AudreyMeredith,2025-04-11,10:17:45,-07:00,2025-04-11T10:17:45-07:00,0,3
index.html,14,html,c44cc630,AudreyMeredith,2025-04-18,18:51:41,-07:00,2025-04-18T18:51:41-07:00,0,37
index.html,15,html,5e90b307,AudreyMeredith,2025-04-11,10:17:45,-07:00,2025-04-11T10:17:45-07:00,0,50
index.html,16,html,5e90b307,AudreyMeredith,2025-04-11,10:17:45,-07:00,2025-04-11T10:17:45-07:00,0,48
index.html,17,html,5e90b307,AudreyMeredith,2025-04-11,10:17:45,-07:00,2025-04-11T10:17:45-07:00,0,78
index.html,18,html,5e90b307,AudreyMeredith,2025-04-11,10:17:45,-07:00,2025-04-11T10:17:45-07:00,0,40
index.html,19,html,5e90b307,AudreyMeredith,2025-04-11,10:17:45,-07:00,2025-04-11T10:17:45-07:00,0,4
index.html,20,html,c44cc630,AudreyMeredith,2025-04-18,18:51:41,-07:00,2025-04-18T18:51:41-07:00,0,9
index.html,21,html,9e7c6af3,AudreyMeredith,2025-04-04,14:54:05,-07:00,2025-04-04T14:54:05-07:00,0,0
index.html,22,html,5e90b307,AudreyMeredith,2025-04-11,10:17:45,-07:00,2025-04-11T10:17:45-07:00,0,23
index.html,23,html,5e90b307,AudreyMeredith,2025-04-11,10:17:45,-07:00,2025-04-11T10:17:45-07:00,0,2
index.html,24,html,5e90b307,AudreyMeredith,2025-04-11,10:17:45,-07:00,2025-04-11T10:17:45-07:00,0,65
index.html,25,html,5e90b307,AudreyMeredith,2025-04-11,10:17:45,-07:00,2025-04-11T10:17:45-07:00,0,65
index.html,26,html,5e90b307,AudreyMeredith,2025-04-11,10:17:45,-07:00,2025-04-11T10:17:45-07:00,0,26
index.html,27,html,5e90b307,AudreyMeredith,2025-04-11,10:17:45,-07:00,2025-04-11T10:17:45-07:00,0,3
index.html,28,html,5e90b307,AudreyMeredith,2025-04-11,10:17:45,-07:00,2025-04-11T10:17:45-07:00,0,138
index.html,29,html,c44cc630,AudreyMeredith,2025-04-18,18:51:41,-07:00,2025-04-18T18:51:41-07:00,0,46
index.html,30,html,5425fb52,AudreyMeredith,2025-04-25,20:35:41,-07:00,2025-04-25T20:35:41-07:00,0,51
index.html,31,html,5425fb52,AudreyMeredith,2025-04-25,20:35:41,-07:00,2025-04-25T20:35:41-07:00,0,0
index.html,32,html,5425fb52,AudreyMeredith,2025-04-25,20:35:41,-07:00,2025-04-25T20:35:41-07:00,0,23
index.html,33,html,5425fb52,AudreyMeredith,2025-04-25,20:35:41,-07:00,2025-04-25T20:35:41-07:00,0,21
index.html,34,html,5425fb52,AudreyMeredith,2025-04-25,20:35:41,-07:00,2025-04-25T20:35:41-07:00,0,50
index.html,35,html,5425fb52,AudreyMeredith,2025-04-25,20:35:41,-07:00,2025-04-25T20:35:41-07:00,0,5
index.html,36,html,d7fce7b0,AudreyMeredith,2025-04-25,21:08:41,-07:00,2025-04-25T21:08:41-07:00,0,0
index.html,37,html,d7fce7b0,AudreyMeredith,2025-04-25,21:08:41,-07:00,2025-04-25T21:08:41-07:00,0,23
index.html,38,html,d7fce7b0,AudreyMeredith,2025-04-25,21:08:41,-07:00,2025-04-25T21:08:41-07:00,0,29
index.html,39,html,f89c4ec7,AudreyMeredith,2025-04-04,10:56:42,-07:00,2025-04-04T10:56:42-07:00,0,6
index.html,40,html,5e90b307,AudreyMeredith,2025-04-11,10:17:45,-07:00,2025-04-11T10:17:45-07:00,0,6
global.js,1,js,c44cc630,AudreyMeredith,2025-04-18,18:51:41,-07:00,2025-04-18T18:51:41-07:00,0,26
global.js,2,js,c44cc630,AudreyMeredith,2025-04-18,18:51:41,-07:00,2025-04-18T18:51:41-07:00,0,0
global.js,3,js,c44cc630,AudreyMeredith,2025-04-18,18:51:41,-07:00,2025-04-18T18:51:41-07:00,0,42
global.js,4,js,c44cc630,AudreyMeredith,2025-04-18,18:51:41,-07:00,2025-04-18T18:51:41-07:00,0,53
global.js,5,js,c44cc630,AudreyMeredith,2025-04-18,18:51:41,-07:00,2025-04-18T18:51:41-07:00,0,0
global.js,6,js,c44cc630,AudreyMeredith,2025-04-18,18:51:41,-07:00,2025-04-18T18:51:41-07:00,0,31
global.js,7,js,c44cc630,AudreyMeredith,2025-04-18,18:51:41,-07:00,2025-04-18T18:51:41-07:00,0,0
global.js,8,js,c44cc630,AudreyMeredith,2025-04-18,18:51:41,-07:00,2025-04-18T18:51:41-07:00,0,34
global.js,9,js,c44cc630,AudreyMeredith,2025-04-18,18:51:41,-07:00,2025-04-18T18:51:41-07:00,0,74
global.js,10,js,c44cc630,AudreyMeredith,2025-04-18,18:51:41,-07:00,2025-04-18T18:51:41-07:00,0,6
global.js,11,js,c44cc630,AudreyMeredith,2025-04-18,18:51:41,-07:00,2025-04-18T18:51:41-07:00,0,0
global.js,12,js,c44cc630,AudreyMeredith,2025-04-18,18:51:41,-07:00,2025-04-18T18:51:41-07:00,0,40
global.js,13,js,c44cc630,AudreyMeredith,2025-04-18,18:51:41,-07:00,2025-04-18T18:51:41-07:00,0,0
global.js,14,js,c44cc630,AudreyMeredith,2025-04-18,18:51:41,-07:00,2025-04-18T18:51:41-07:00,0,12
global.js,15,js,00000000,Not Committed Yet,2025-05-08,20:11:58,-07:00,2025-05-08T20:11:58-07:00,0,26
global.js,16,js,00000000,Not Committed Yet,2025-05-08,20:11:58,-07:00,2025-05-08T20:11:58-07:00,0,39
global.js,17,js,00000000,Not Committed Yet,2025-05-08,20:11:58,-07:00,2025-05-08T20:11:58-07:00,0,37
global.js,18,js,00000000,Not Committed Yet,2025-05-08,20:11:58,-07:00,2025-05-08T20:11:58-07:00,0,50
global.js,19,js,00000000,Not Committed Yet,2025-05-08,20:11:58,-07:00,2025-05-08T20:11:58-07:00,0,39
global.js,20,js,00000000,Not Committed Yet,2025-05-08,20:11:58,-07:00,2025-05-08T20:11:58-07:00,0,60
global.js,21,js,00000000,Not Committed Yet,2025-05-08,20:11:58,-07:00,2025-05-08T20:11:58-07:00,0,1
global.js,22,js,00000000,Not Committed Yet,2025-05-08,20:11:58,-07:00,2025-05-08T20:11:58-07:00,0,0
global.js,23,js,c44cc630,AudreyMeredith,2025-04-18,18:51:41,-07:00,2025-04-18T18:51:41-07:00,0,0
global.js,24,js,c44cc630,AudreyMeredith,2025-04-18,18:51:41,-07:00,2025-04-18T18:51:41-07:00,0,39
global.js,25,js,c44cc630,AudreyMeredith,2025-04-18,18:51:41,-07:00,2025-04-18T18:51:41-07:00,0,26
global.js,26,js,c44cc630,AudreyMeredith,2025-04-18,18:51:41,-07:00,2025-04-18T18:51:41-07:00,0,0
global.js,27,js,c44cc630,AudreyMeredith,2025-04-18,18:51:41,-07:00,2025-04-18T18:51:41-07:00,0,89
global.js,28,js,c44cc630,AudreyMeredith,2025-04-18,18:51:41,-07:00,2025-04-18T18:51:41-07:00,0,37
global.js,29,js,c44cc630,AudreyMeredith,2025-04-18,18:51:41,-07:00,2025-04-18T18:51:41-07:00,0,49
global.js,30,js,c44cc630,AudreyMeredith,2025-04-18,18:51:41,-07:00,2025-04-18T18:51:41-07:00,0,0
global.js,31,js,c44cc630,AudreyMeredith,2025-04-18,18:51:41,-07:00,2025-04-18T18:51:41-07:00,0,21
global.js,32,js,c44cc630,AudreyMeredith,2025-04-18,18:51:41,-07:00,2025-04-18T18:51:41-07:00,0,15
global.js,33,js,c44cc630,AudreyMeredith,2025-04-18,18:51:41,-07:00,2025-04-18T18:51:41-07:00,0,19
global.js,34,js,c44cc630,AudreyMeredith,2025-04-18,18:51:41,-07:00,2025-04-18T18:51:41-07:00,0,0
global.js,35,js,c44cc630,AudreyMeredith,2025-04-18,18:51:41,-07:00,2025-04-18T18:51:41-07:00,0,0
global.js,36,js,c44cc630,AudreyMeredith,2025-04-18,18:51:41,-07:00,2025-04-18T18:51:41-07:00,0,29
global.js,37,js,c44cc630,AudreyMeredith,2025-04-18,18:51:41,-07:00,2025-04-18T18:51:41-07:00,0,21
global.js,38,js,c44cc630,AudreyMeredith,2025-04-18,18:51:41,-07:00,2025-04-18T18:51:41-07:00,0,0
global.js,39,js,c44cc630,AudreyMeredith,2025-04-18,18:51:41,-07:00,2025-04-18T18:51:41-07:00,0,0
global.js,40,js,c44cc630,AudreyMeredith,2025-04-18,18:51:41,-07:00,2025-04-18T18:51:41-07:00,0,23
global.js,41,js,c44cc630,AudreyMeredith,2025-04-18,18:51:41,-07:00,2025-04-18T18:51:41-07:00,0,16
global.js,42,js,c44cc630,AudreyMeredith,2025-04-18,18:51:41,-07:00,2025-04-18T18:51:41-07:00,0,67
global.js,43,js,c44cc630,AudreyMeredith,2025-04-18,18:51:41,-07:00,2025-04-18T18:51:41-07:00,0,6
global.js,44,js,c44cc630,AudreyMeredith,2025-04-18,18:51:41,-07:00,2025-04-18T18:51:41-07:00,0,0
global.js,45,js,c44cc630,AudreyMeredith,2025-04-18,18:51:41,-07:00,2025-04-18T18:51:41-07:00,0,47
global.js,46,js,c44cc630,AudreyMeredith,2025-04-18,18:51:41,-07:00,2025-04-18T18:51:41-07:00,0,35
global.js,47,js,c44cc630,AudreyMeredith,2025-04-18,18:51:41,-07:00,2025-04-18T18:51:41-07:00,0,15
global.js,48,js,c44cc630,AudreyMeredith,2025-04-18,18:51:41,-07:00,2025-04-18T18:51:41-07:00,0,24
global.js,49,js,c44cc630,AudreyMeredith,2025-04-18,18:51:41,-07:00,2025-04-18T18:51:41-07:00,0,25
global.js,50,js,c44cc630,AudreyMeredith,2025-04-18,18:51:41,-07:00,2025-04-18T18:51:41-07:00,0,21
global.js,51,js,c44cc630,AudreyMeredith,2025-04-18,18:51:41,-07:00,2025-04-18T18:51:41-07:00,0,0
global.js,52,js,c44cc630,AudreyMeredith,2025-04-18,18:51:41,-07:00,2025-04-18T18:51:41-07:00,0,86
global.js,53,js,c44cc630,AudreyMeredith,2025-04-18,18:51:41,-07:00,2025-04-18T18:51:41-07:00,0,26
global.js,54,js,c44cc630,AudreyMeredith,2025-04-18,18:51:41,-07:00,2025-04-18T18:51:41-07:00,0,0
global.js,55,js,c44cc630,AudreyMeredith,2025-04-18,18:51:41,-07:00,2025-04-18T18:51:41-07:00,0,40
global.js,56,js,c44cc630,AudreyMeredith,2025-04-18,18:51:41,-07:00,2025-04-18T18:51:41-07:00,0,19
global.js,57,js,c44cc630,AudreyMeredith,2025-04-18,18:51:41,-07:00,2025-04-18T18:51:41-07:00,0,0
global.js,58,js,c44cc630,AudreyMeredith,2025-04-18,18:51:41,-07:00,2025-04-18T18:51:41-07:00,0,0
global.js,59,js,c44cc630,AudreyMeredith,2025-04-18,18:51:41,-07:00,2025-04-18T18:51:41-07:00,0,13
global.js,60,js,c44cc630,AudreyMeredith,2025-04-18,18:51:41,-07:00,2025-04-18T18:51:41-07:00,0,0
global.js,61,js,c44cc630,AudreyMeredith,2025-04-18,18:51:41,-07:00,2025-04-18T18:51:41-07:00,0,32
global.js,62,js,c44cc630,AudreyMeredith,2025-04-18,18:51:41,-07:00,2025-04-18T18:51:41-07:00,0,12
global.js,63,js,c44cc630,AudreyMeredith,2025-04-18,18:51:41,-07:00,2025-04-18T18:51:41-07:00,0,0
global.js,64,js,c44cc630,AudreyMeredith,2025-04-18,18:51:41,-07:00,2025-04-18T18:51:41-07:00,0,27
global.js,65,js,c44cc630,AudreyMeredith,2025-04-18,18:51:41,-07:00,2025-04-18T18:51:41-07:00,0,5
global.js,66,js,c44cc630,AudreyMeredith,2025-04-18,18:51:41,-07:00,2025-04-18T18:51:41-07:00,0,25
global.js,67,js,c44cc630,AudreyMeredith,2025-04-18,18:51:41,-07:00,2025-04-18T18:51:41-07:00,0,44
global.js,68,js,c44cc630,AudreyMeredith,2025-04-18,18:51:41,-07:00,2025-04-18T18:51:41-07:00,0,35
global.js,69,js,c44cc630,AudreyMeredith,2025-04-18,18:51:41,-07:00,2025-04-18T18:51:41-07:00,0,33
global.js,70,js,c44cc630,AudreyMeredith,2025-04-18,18:51:41,-07:00,2025-04-18T18:51:41-07:00,0,8
global.js,71,js,c44cc630,AudreyMeredith,2025-04-18,18:51:41,-07:00,2025-04-18T18:51:41-07:00,0,7
global.js,72,js,c44cc630,AudreyMeredith,2025-04-18,18:51:41,-07:00,2025-04-18T18:51:41-07:00,0,0
global.js,73,js,c44cc630,AudreyMeredith,2025-04-18,18:51:41,-07:00,2025-04-18T18:51:41-07:00,0,1
global.js,74,js,c44cc630,AudreyMeredith,2025-04-18,18:51:41,-07:00,2025-04-18T18:51:41-07:00,0,0
global.js,75,js,c44cc630,AudreyMeredith,2025-04-18,18:51:41,-07:00,2025-04-18T18:51:41-07:00,0,54
global.js,76,js,c44cc630,AudreyMeredith,2025-04-18,18:51:41,-07:00,2025-04-18T18:51:41-07:00,0,37
global.js,77,js,c44cc630,AudreyMeredith,2025-04-18,18:51:41,-07:00,2025-04-18T18:51:41-07:00,0,0
global.js,78,js,c44cc630,AudreyMeredith,2025-04-18,18:51:41,-07:00,2025-04-18T18:51:41-07:00,0,41
global.js,79,js,c44cc630,AudreyMeredith,2025-04-18,18:51:41,-07:00,2025-04-18T18:51:41-07:00,0,46
global.js,80,js,c44cc630,AudreyMeredith,2025-04-18,18:51:41,-07:00,2025-04-18T18:51:41-07:00,0,16
global.js,81,js,c44cc630,AudreyMeredith,2025-04-18,18:51:41,-07:00,2025-04-18T18:51:41-07:00,0,25
global.js,82,js,c44cc630,AudreyMeredith,2025-04-18,18:51:41,-07:00,2025-04-18T18:51:41-07:00,0,35
global.js,83,js,c44cc630,AudreyMeredith,2025-04-18,18:51:41,-07:00,2025-04-18T18:51:41-07:00,0,7
global.js,84,js,c44cc630,AudreyMeredith,2025-04-18,18:51:41,-07:00,2025-04-18T18:51:41-07:00,0,33
global.js,85,js,c44cc630,AudreyMeredith,2025-04-18,18:51:41,-07:00,2025-04-18T18:51:41-07:00,0,37
global.js,86,js,c44cc630,AudreyMeredith,2025-04-18,18:51:41,-07:00,2025-04-18T18:51:41-07:00,0,0
global.js,87,js,c44cc630,AudreyMeredith,2025-04-18,18:51:41,-07:00,2025-04-18T18:51:41-07:00,0,0
global.js,88,js,c44cc630,AudreyMeredith,2025-04-18,18:51:41,-07:00,2025-04-18T18:51:41-07:00,0,0
global.js,89,js,c44cc630,AudreyMeredith,2025-04-18,18:51:41,-07:00,2025-04-18T18:51:41-07:00,0,32
global.js,90,js,c44cc630,AudreyMeredith,2025-04-18,18:51:41,-07:00,2025-04-18T18:51:41-07:00,0,45
global.js,91,js,c44cc630,AudreyMeredith,2025-04-18,18:51:41,-07:00,2025-04-18T18:51:41-07:00,0,26
global.js,92,js,c44cc630,AudreyMeredith,2025-04-18,18:51:41,-07:00,2025-04-18T18:51:41-07:00,0,36
global.js,93,js,c44cc630,AudreyMeredith,2025-04-18,18:51:41,-07:00,2025-04-18T18:51:41-07:00,0,30
global.js,94,js,c44cc630,AudreyMeredith,2025-04-18,18:51:41,-07:00,2025-04-18T18:51:41-07:00,0,44
global.js,95,js,c44cc630,AudreyMeredith,2025-04-18,18:51:41,-07:00,2025-04-18T18:51:41-07:00,0,2
global.js,96,js,c44cc630,AudreyMeredith,2025-04-18,18:51:41,-07:00,2025-04-18T18:51:41-07:00,0,0
global.js,97,js,c44cc630,AudreyMeredith,2025-04-18,18:51:41,-07:00,2025-04-18T18:51:41-07:00,0,0
global.js,98,js,c44cc630,AudreyMeredith,2025-04-18,18:51:41,-07:00,2025-04-18T18:51:41-07:00,0,56
global.js,99,js,c44cc630,AudreyMeredith,2025-04-18,18:51:41,-07:00,2025-04-18T18:51:41-07:00,0,0
global.js,100,js,c44cc630,AudreyMeredith,2025-04-18,18:51:41,-07:00,2025-04-18T18:51:41-07:00,0,43
global.js,101,js,c44cc630,AudreyMeredith,2025-04-18,18:51:41,-07:00,2025-04-18T18:51:41-07:00,0,0
global.js,102,js,c44cc630,AudreyMeredith,2025-04-18,18:51:41,-07:00,2025-04-18T18:51:41-07:00,0,44
global.js,103,js,c44cc630,AudreyMeredith,2025-04-18,18:51:41,-07:00,2025-04-18T18:51:41-07:00,0,58
global.js,104,js,c44cc630,AudreyMeredith,2025-04-18,18:51:41,-07:00,2025-04-18T18:51:41-07:00,0,0
global.js,105,js,c44cc630,AudreyMeredith,2025-04-18,18:51:41,-07:00,2025-04-18T18:51:41-07:00,0,31
global.js,106,js,c44cc630,AudreyMeredith,2025-04-18,18:51:41,-07:00,2025-04-18T18:51:41-07:00,0,15
global.js,107,js,c44cc630,AudreyMeredith,2025-04-18,18:51:41,-07:00,2025-04-18T18:51:41-07:00,0,0
global.js,108,js,c44cc630,AudreyMeredith,2025-04-18,18:51:41,-07:00,2025-04-18T18:51:41-07:00,0,32
global.js,109,js,c44cc630,AudreyMeredith,2025-04-18,18:51:41,-07:00,2025-04-18T18:51:41-07:00,0,43
global.js,110,js,c44cc630,AudreyMeredith,2025-04-18,18:51:41,-07:00,2025-04-18T18:51:41-07:00,0,65
global.js,111,js,c44cc630,AudreyMeredith,2025-04-18,18:51:41,-07:00,2025-04-18T18:51:41-07:00,0,71
global.js,112,js,c44cc630,AudreyMeredith,2025-04-18,18:51:41,-07:00,2025-04-18T18:51:41-07:00,0,0
global.js,113,js,c44cc630,AudreyMeredith,2025-04-18,18:51:41,-07:00,2025-04-18T18:51:41-07:00,0,0
global.js,114,js,c44cc630,AudreyMeredith,2025-04-18,18:51:41,-07:00,2025-04-18T18:51:41-07:00,0,51
global.js,115,js,c44cc630,AudreyMeredith,2025-04-18,18:51:41,-07:00,2025-04-18T18:51:41-07:00,0,48
global.js,116,js,c44cc630,AudreyMeredith,2025-04-18,18:51:41,-07:00,2025-04-18T18:51:41-07:00,0,0
global.js,117,js,c44cc630,AudreyMeredith,2025-04-18,18:51:41,-07:00,2025-04-18T18:51:41-07:00,0,49
global.js,118,js,c44cc630,AudreyMeredith,2025-04-18,18:51:41,-07:00,2025-04-18T18:51:41-07:00,0,19
global.js,119,js,c44cc630,AudreyMeredith,2025-04-18,18:51:41,-07:00,2025-04-18T18:51:41-07:00,0,2
global.js,120,js,c44cc630,AudreyMeredith,2025-04-18,18:51:41,-07:00,2025-04-18T18:51:41-07:00,0,0
global.js,121,js,5425fb52,AudreyMeredith,2025-04-25,20:35:41,-07:00,2025-04-25T20:35:41-07:00,0,37
global.js,122,js,5425fb52,AudreyMeredith,2025-04-25,20:35:41,-07:00,2025-04-25T20:35:41-07:00,0,4
global.js,123,js,5425fb52,AudreyMeredith,2025-04-25,20:35:41,-07:00,2025-04-25T20:35:41-07:00,0,40
global.js,124,js,5425fb52,AudreyMeredith,2025-04-25,20:35:41,-07:00,2025-04-25T20:35:41-07:00,0,33
global.js,125,js,5425fb52,AudreyMeredith,2025-04-25,20:35:41,-07:00,2025-04-25T20:35:41-07:00,0,18
global.js,126,js,5425fb52,AudreyMeredith,2025-04-25,20:35:41,-07:00,2025-04-25T20:35:41-07:00,0,67
global.js,127,js,5425fb52,AudreyMeredith,2025-04-25,20:35:41,-07:00,2025-04-25T20:35:41-07:00,0,0
global.js,128,js,5425fb52,AudreyMeredith,2025-04-25,20:35:41,-07:00,2025-04-25T20:35:41-07:00,0,34
global.js,129,js,5425fb52,AudreyMeredith,2025-04-25,20:35:41,-07:00,2025-04-25T20:35:41-07:00,0,11
global.js,130,js,5425fb52,AudreyMeredith,2025-04-25,20:35:41,-07:00,2025-04-25T20:35:41-07:00,0,16
global.js,131,js,5425fb52,AudreyMeredith,2025-04-25,20:35:41,-07:00,2025-04-25T20:35:41-07:00,0,60
global.js,132,js,5425fb52,AudreyMeredith,2025-04-25,20:35:41,-07:00,2025-04-25T20:35:41-07:00,0,0
global.js,133,js,5425fb52,AudreyMeredith,2025-04-25,20:35:41,-07:00,2025-04-25T20:35:41-07:00,0,0
global.js,134,js,5425fb52,AudreyMeredith,2025-04-25,20:35:41,-07:00,2025-04-25T20:35:41-07:00,0,0
global.js,135,js,5425fb52,AudreyMeredith,2025-04-25,20:35:41,-07:00,2025-04-25T20:35:41-07:00,0,80
global.js,136,js,5425fb52,AudreyMeredith,2025-04-25,20:35:41,-07:00,2025-04-25T20:35:41-07:00,0,24
global.js,137,js,5425fb52,AudreyMeredith,2025-04-25,20:35:41,-07:00,2025-04-25T20:35:41-07:00,0,30
global.js,138,js,5425fb52,AudreyMeredith,2025-04-25,20:35:41,-07:00,2025-04-25T20:35:41-07:00,0,58
global.js,139,js,5425fb52,AudreyMeredith,2025-04-25,20:35:41,-07:00,2025-04-25T20:35:41-07:00,0,6
global.js,140,js,5425fb52,AudreyMeredith,2025-04-25,20:35:41,-07:00,2025-04-25T20:35:41-07:00,0,0
global.js,141,js,5425fb52,AudreyMeredith,2025-04-25,20:35:41,-07:00,2025-04-25T20:35:41-07:00,0,0
global.js,142,js,5425fb52,AudreyMeredith,2025-04-25,20:35:41,-07:00,2025-04-25T20:35:41-07:00,0,48
global.js,143,js,5425fb52,AudreyMeredith,2025-04-25,20:35:41,-07:00,2025-04-25T20:35:41-07:00,0,77
global.js,144,js,5425fb52,AudreyMeredith,2025-04-25,20:35:41,-07:00,2025-04-25T20:35:41-07:00,0,6
global.js,145,js,5425fb52,AudreyMeredith,2025-04-25,20:35:41,-07:00,2025-04-25T20:35:41-07:00,0,0
global.js,146,js,5425fb52,AudreyMeredith,2025-04-25,20:35:41,-07:00,2025-04-25T20:35:41-07:00,0,0
global.js,147,js,5425fb52,AudreyMeredith,2025-04-25,20:35:41,-07:00,2025-04-25T20:35:41-07:00,0,55
global.js,148,js,5425fb52,AudreyMeredith,2025-04-25,20:35:41,-07:00,2025-04-25T20:35:41-07:00,0,58
global.js,149,js,5425fb52,AudreyMeredith,2025-04-25,20:35:41,-07:00,2025-04-25T20:35:41-07:00,0,43
global.js,150,js,5425fb52,AudreyMeredith,2025-04-25,20:35:41,-07:00,2025-04-25T20:35:41-07:00,0,74
global.js,151,js,5425fb52,AudreyMeredith,2025-04-25,20:35:41,-07:00,2025-04-25T20:35:41-07:00,0,19
global.js,152,js,5425fb52,AudreyMeredith,2025-04-25,20:35:41,-07:00,2025-04-25T20:35:41-07:00,0,0
global.js,153,js,5425fb52,AudreyMeredith,2025-04-25,20:35:41,-07:00,2025-04-25T20:35:41-07:00,0,0
global.js,154,js,5425fb52,AudreyMeredith,2025-04-25,20:35:41,-07:00,2025-04-25T20:35:41-07:00,0,45
global.js,155,js,5425fb52,AudreyMeredith,2025-04-25,20:35:41,-07:00,2025-04-25T20:35:41-07:00,0,31
global.js,156,js,5425fb52,AudreyMeredith,2025-04-25,20:35:41,-07:00,2025-04-25T20:35:41-07:00,0,0
global.js,157,js,5425fb52,AudreyMeredith,2025-04-25,20:35:41,-07:00,2025-04-25T20:35:41-07:00,0,40
global.js,158,js,5425fb52,AudreyMeredith,2025-04-25,20:35:41,-07:00,2025-04-25T20:35:41-07:00,0,28
global.js,159,js,5425fb52,AudreyMeredith,2025-04-25,20:35:41,-07:00,2025-04-25T20:35:41-07:00,0,49
global.js,160,js,5425fb52,AudreyMeredith,2025-04-25,20:35:41,-07:00,2025-04-25T20:35:41-07:00,0,0
global.js,161,js,5425fb52,AudreyMeredith,2025-04-25,20:35:41,-07:00,2025-04-25T20:35:41-07:00,0,28
global.js,162,js,5425fb52,AudreyMeredith,2025-04-25,20:35:41,-07:00,2025-04-25T20:35:41-07:00,0,49
global.js,163,js,5425fb52,AudreyMeredith,2025-04-25,20:35:41,-07:00,2025-04-25T20:35:41-07:00,0,82
global.js,164,js,5425fb52,AudreyMeredith,2025-04-25,20:35:41,-07:00,2025-04-25T20:35:41-07:00,0,70
global.js,165,js,5425fb52,AudreyMeredith,2025-04-25,20:35:41,-07:00,2025-04-25T20:35:41-07:00,0,0
global.js,166,js,5425fb52,AudreyMeredith,2025-04-25,20:35:41,-07:00,2025-04-25T20:35:41-07:00,0,46
global.js,167,js,5425fb52,AudreyMeredith,2025-04-25,20:35:41,-07:00,2025-04-25T20:35:41-07:00,0,20
global.js,168,js,5ca5e37c,AudreyMeredith,2025-05-01,21:49:07,-07:00,2025-05-01T21:49:07-07:00,0,42
global.js,169,js,5ca5e37c,AudreyMeredith,2025-05-01,21:49:07,-07:00,2025-05-01T21:49:07-07:00,0,49
global.js,170,js,5ca5e37c,AudreyMeredith,2025-05-01,21:49:07,-07:00,2025-05-01T21:49:07-07:00,0,25
global.js,171,js,5425fb52,AudreyMeredith,2025-04-25,20:35:41,-07:00,2025-04-25T20:35:41-07:00,0,20
global.js,172,js,5ca5e37c,AudreyMeredith,2025-05-01,21:49:07,-07:00,2025-05-01T21:49:07-07:00,0,48
global.js,173,js,5ca5e37c,AudreyMeredith,2025-05-01,21:49:07,-07:00,2025-05-01T21:49:07-07:00,0,5
global.js,174,js,5ca5e37c,AudreyMeredith,2025-05-01,21:49:07,-07:00,2025-05-01T21:49:07-07:00,0,1
global.js,175,js,5ca5e37c,AudreyMeredith,2025-05-01,21:49:07,-07:00,2025-05-01T21:49:07-07:00,0,0
global.js,176,js,5425fb52,AudreyMeredith,2025-04-25,20:35:41,-07:00,2025-04-25T20:35:41-07:00,0,0
global.js,177,js,5425fb52,AudreyMeredith,2025-04-25,20:35:41,-07:00,2025-04-25T20:35:41-07:00,0,29
global.js,178,js,5425fb52,AudreyMeredith,2025-04-25,20:35:41,-07:00,2025-04-25T20:35:41-07:00,0,37
global.js,179,js,5425fb52,AudreyMeredith,2025-04-25,20:35:41,-07:00,2025-04-25T20:35:41-07:00,0,2
global.js,180,js,5425fb52,AudreyMeredith,2025-04-25,20:35:41,-07:00,2025-04-25T20:35:41-07:00,0,0
global.js,181,js,5425fb52,AudreyMeredith,2025-04-25,20:35:41,-07:00,2025-04-25T20:35:41-07:00,0,28
global.js,182,js,5425fb52,AudreyMeredith,2025-04-25,20:35:41,-07:00,2025-04-25T20:35:41-07:00,0,27
global.js,183,js,5425fb52,AudreyMeredith,2025-04-25,20:35:41,-07:00,2025-04-25T20:35:41-07:00,0,47
global.js,184,js,5425fb52,AudreyMeredith,2025-04-25,20:35:41,-07:00,2025-04-25T20:35:41-07:00,0,51
global.js,185,js,5425fb52,AudreyMeredith,2025-04-25,20:35:41,-07:00,2025-04-25T20:35:41-07:00,0,38
global.js,186,js,5425fb52,AudreyMeredith,2025-04-25,20:35:41,-07:00,2025-04-25T20:35:41-07:00,0,41
global.js,187,js,5425fb52,AudreyMeredith,2025-04-25,20:35:41,-07:00,2025-04-25T20:35:41-07:00,0,0
global.js,188,js,5425fb52,AudreyMeredith,2025-04-25,20:35:41,-07:00,2025-04-25T20:35:41-07:00,0,0
global.js,189,js,5425fb52,AudreyMeredith,2025-04-25,20:35:41,-07:00,2025-04-25T20:35:41-07:00,0,0
global.js,190,js,5425fb52,AudreyMeredith,2025-04-25,20:35:41,-07:00,2025-04-25T20:35:41-07:00,0,48
global.js,191,js,5425fb52,AudreyMeredith,2025-04-25,20:35:41,-07:00,2025-04-25T20:35:41-07:00,0,23
global.js,192,js,5425fb52,AudreyMeredith,2025-04-25,20:35:41,-07:00,2025-04-25T20:35:41-07:00,0,60
global.js,193,js,5425fb52,AudreyMeredith,2025-04-25,20:35:41,-07:00,2025-04-25T20:35:41-07:00,0,0
projects/projects.js,1,js,5425fb52,AudreyMeredith,2025-04-25,20:35:41,-07:00,2025-04-25T20:35:41-07:00,0,59
projects/projects.js,2,js,5425fb52,AudreyMeredith,2025-04-25,20:35:41,-07:00,2025-04-25T20:35:41-07:00,0,59
projects/projects.js,3,js,5425fb52,AudreyMeredith,2025-04-25,20:35:41,-07:00,2025-04-25T20:35:41-07:00,0,64
projects/projects.js,4,js,5425fb52,AudreyMeredith,2025-04-25,20:35:41,-07:00,2025-04-25T20:35:41-07:00,0,52
projects/projects.js,5,js,5425fb52,AudreyMeredith,2025-04-25,20:35:41,-07:00,2025-04-25T20:35:41-07:00,0,56
projects/projects.js,6,js,41ea8f5d,AudreyMeredith,2025-05-01,22:46:36,-07:00,2025-05-01T22:46:36-07:00,0,64
projects/projects.js,7,js,5425fb52,AudreyMeredith,2025-04-25,20:35:41,-07:00,2025-04-25T20:35:41-07:00,0,0
projects/projects.js,8,js,b43328d6,AudreyMeredith,2025-05-02,22:32:19,-07:00,2025-05-02T22:32:19-07:00,0,59
projects/projects.js,9,js,db5c4819,AudreyMeredith,2025-05-01,23:18:43,-07:00,2025-05-01T23:18:43-07:00,0,61
projects/projects.js,10,js,db5c4819,AudreyMeredith,2025-05-01,23:18:43,-07:00,2025-05-01T23:18:43-07:00,0,62
projects/projects.js,11,js,b43328d6,AudreyMeredith,2025-05-02,22:32:19,-07:00,2025-05-02T22:32:19-07:00,0,56
projects/projects.js,12,js,b43328d6,AudreyMeredith,2025-05-02,22:32:19,-07:00,2025-05-02T22:32:19-07:00,0,0
projects/projects.js,13,js,b43328d6,AudreyMeredith,2025-05-02,22:32:19,-07:00,2025-05-02T22:32:19-07:00,0,14
projects/projects.js,14,js,b43328d6,AudreyMeredith,2025-05-02,22:32:19,-07:00,2025-05-02T22:32:19-07:00,0,22
projects/projects.js,15,js,b43328d6,AudreyMeredith,2025-05-02,22:32:19,-07:00,2025-05-02T22:32:19-07:00,0,34
projects/projects.js,16,js,b43328d6,AudreyMeredith,2025-05-02,22:32:19,-07:00,2025-05-02T22:32:19-07:00,0,21
projects/projects.js,17,js,b43328d6,AudreyMeredith,2025-05-02,22:32:19,-07:00,2025-05-02T22:32:19-07:00,0,0
projects/projects.js,18,js,3329d062,AudreyMeredith,2025-05-05,17:20:30,-07:00,2025-05-05T17:20:30-07:00,0,55
projects/projects.js,19,js,3329d062,AudreyMeredith,2025-05-05,17:20:30,-07:00,2025-05-05T17:20:30-07:00,0,39
projects/projects.js,20,js,3329d062,AudreyMeredith,2025-05-05,17:20:30,-07:00,2025-05-05T17:20:30-07:00,0,75
projects/projects.js,21,js,3329d062,AudreyMeredith,2025-05-05,17:20:30,-07:00,2025-05-05T17:20:30-07:00,0,26
projects/projects.js,22,js,3329d062,AudreyMeredith,2025-05-05,17:20:30,-07:00,2025-05-05T17:20:30-07:00,0,0
projects/projects.js,23,js,b43328d6,AudreyMeredith,2025-05-02,22:32:19,-07:00,2025-05-02T22:32:19-07:00,0,32
projects/projects.js,24,js,b43328d6,AudreyMeredith,2025-05-02,22:32:19,-07:00,2025-05-02T22:32:19-07:00,0,49
projects/projects.js,25,js,db5c4819,AudreyMeredith,2025-05-01,23:18:43,-07:00,2025-05-01T23:18:43-07:00,0,0
projects/projects.js,26,js,db5c4819,AudreyMeredith,2025-05-01,23:18:43,-07:00,2025-05-01T23:18:43-07:00,0,0
projects/projects.js,27,js,b43328d6,AudreyMeredith,2025-05-02,22:32:19,-07:00,2025-05-02T22:32:19-07:00,0,39
projects/projects.js,28,js,b43328d6,AudreyMeredith,2025-05-02,22:32:19,-07:00,2025-05-02T22:32:19-07:00,0,44
projects/projects.js,29,js,b43328d6,AudreyMeredith,2025-05-02,22:32:19,-07:00,2025-05-02T22:32:19-07:00,0,34
projects/projects.js,30,js,b43328d6,AudreyMeredith,2025-05-02,22:32:19,-07:00,2025-05-02T22:32:19-07:00,0,42
projects/projects.js,31,js,b43328d6,AudreyMeredith,2025-05-02,22:32:19,-07:00,2025-05-02T22:32:19-07:00,0,10
projects/projects.js,32,js,b43328d6,AudreyMeredith,2025-05-02,22:32:19,-07:00,2025-05-02T22:32:19-07:00,0,13
projects/projects.js,33,js,b43328d6,AudreyMeredith,2025-05-02,22:32:19,-07:00,2025-05-02T22:32:19-07:00,0,30
projects/projects.js,34,js,b43328d6,AudreyMeredith,2025-05-02,22:32:19,-07:00,2025-05-02T22:32:19-07:00,0,72
projects/projects.js,35,js,b43328d6,AudreyMeredith,2025-05-02,22:32:19,-07:00,2025-05-02T22:32:19-07:00,0,34
projects/projects.js,36,js,b43328d6,AudreyMeredith,2025-05-02,22:32:19,-07:00,2025-05-02T22:32:19-07:00,0,2
projects/projects.js,37,js,b43328d6,AudreyMeredith,2025-05-02,22:32:19,-07:00,2025-05-02T22:32:19-07:00,0,0
projects/projects.js,38,js,b43328d6,AudreyMeredith,2025-05-02,22:32:19,-07:00,2025-05-02T22:32:19-07:00,0,0
projects/projects.js,39,js,b43328d6,AudreyMeredith,2025-05-02,22:32:19,-07:00,2025-05-02T22:32:19-07:00,0,34
projects/projects.js,40,js,b43328d6,AudreyMeredith,2025-05-02,22:32:19,-07:00,2025-05-02T22:32:19-07:00,0,57
projects/projects.js,41,js,b43328d6,AudreyMeredith,2025-05-02,22:32:19,-07:00,2025-05-02T22:32:19-07:00,0,18
projects/projects.js,42,js,b43328d6,AudreyMeredith,2025-05-02,22:32:19,-07:00,2025-05-02T22:32:19-07:00,0,66
projects/projects.js,43,js,b43328d6,AudreyMeredith,2025-05-02,22:32:19,-07:00,2025-05-02T22:32:19-07:00,0,0
projects/projects.js,44,js,3329d062,AudreyMeredith,2025-05-05,17:20:30,-07:00,2025-05-05T17:20:30-07:00,0,0
projects/projects.js,45,js,3329d062,AudreyMeredith,2025-05-05,17:20:30,-07:00,2025-05-05T17:20:30-07:00,0,45
projects/projects.js,46,js,3329d062,AudreyMeredith,2025-05-05,17:20:30,-07:00,2025-05-05T17:20:30-07:00,0,27
projects/projects.js,47,js,b43328d6,AudreyMeredith,2025-05-02,22:32:19,-07:00,2025-05-02T22:32:19-07:00,0,0
projects/projects.js,48,js,b43328d6,AudreyMeredith,2025-05-02,22:32:19,-07:00,2025-05-02T22:32:19-07:00,0,0
projects/projects.js,49,js,b43328d6,AudreyMeredith,2025-05-02,22:32:19,-07:00,2025-05-02T22:32:19-07:00,0,39
projects/projects.js,50,js,b43328d6,AudreyMeredith,2025-05-02,22:32:19,-07:00,2025-05-02T22:32:19-07:00,0,43
projects/projects.js,51,js,b43328d6,AudreyMeredith,2025-05-02,22:32:19,-07:00,2025-05-02T22:32:19-07:00,0,35
projects/projects.js,52,js,b43328d6,AudreyMeredith,2025-05-02,22:32:19,-07:00,2025-05-02T22:32:19-07:00,0,0
projects/projects.js,53,js,3329d062,AudreyMeredith,2025-05-05,17:20:30,-07:00,2025-05-05T17:20:30-07:00,0,62
projects/projects.js,54,js,3329d062,AudreyMeredith,2025-05-05,17:20:30,-07:00,2025-05-05T17:20:30-07:00,0,30
projects/projects.js,55,js,b43328d6,AudreyMeredith,2025-05-02,22:32:19,-07:00,2025-05-02T22:32:19-07:00,0,0
projects/projects.js,56,js,b43328d6,AudreyMeredith,2025-05-02,22:32:19,-07:00,2025-05-02T22:32:19-07:00,0,29
projects/projects.js,57,js,b43328d6,AudreyMeredith,2025-05-02,22:32:19,-07:00,2025-05-02T22:32:19-07:00,0,13
projects/projects.js,58,js,b43328d6,AudreyMeredith,2025-05-02,22:32:19,-07:00,2025-05-02T22:32:19-07:00,0,13
projects/projects.js,59,js,b43328d6,AudreyMeredith,2025-05-02,22:32:19,-07:00,2025-05-02T22:32:19-07:00,0,10
projects/projects.js,60,js,b43328d6,AudreyMeredith,2025-05-02,22:32:19,-07:00,2025-05-02T22:32:19-07:00,0,1
projects/projects.js,61,js,b43328d6,AudreyMeredith,2025-05-02,22:32:19,-07:00,2025-05-02T22:32:19-07:00,0,0
projects/projects.js,62,js,b43328d6,AudreyMeredith,2025-05-02,22:32:19,-07:00,2025-05-02T22:32:19-07:00,0,50
projects/projects.js,63,js,b43328d6,AudreyMeredith,2025-05-02,22:32:19,-07:00,2025-05-02T22:32:19-07:00,0,11
projects/projects.js,64,js,b43328d6,AudreyMeredith,2025-05-02,22:32:19,-07:00,2025-05-02T22:32:19-07:00,0,11
projects/projects.js,65,js,b43328d6,AudreyMeredith,2025-05-02,22:32:19,-07:00,2025-05-02T22:32:19-07:00,0,3
projects/projects.js,66,js,b43328d6,AudreyMeredith,2025-05-02,22:32:19,-07:00,2025-05-02T22:32:19-07:00,0,0
projects/projects.js,67,js,b43328d6,AudreyMeredith,2025-05-02,22:32:19,-07:00,2025-05-02T22:32:19-07:00,0,60
projects/projects.js,68,js,3329d062,AudreyMeredith,2025-05-05,17:20:30,-07:00,2025-05-05T17:20:30-07:00,0,49
projects/projects.js,69,js,3329d062,AudreyMeredith,2025-05-05,17:20:30,-07:00,2025-05-05T17:20:30-07:00,0,42
projects/projects.js,70,js,3329d062,AudreyMeredith,2025-05-05,17:20:30,-07:00,2025-05-05T17:20:30-07:00,0,0
projects/projects.js,71,js,3329d062,AudreyMeredith,2025-05-05,17:20:30,-07:00,2025-05-05T17:20:30-07:00,0,43
projects/projects.js,72,js,3329d062,AudreyMeredith,2025-05-05,17:20:30,-07:00,2025-05-05T17:20:30-07:00,0,42
projects/projects.js,73,js,3329d062,AudreyMeredith,2025-05-05,17:20:30,-07:00,2025-05-05T17:20:30-07:00,0,55
projects/projects.js,74,js,b43328d6,AudreyMeredith,2025-05-02,22:32:19,-07:00,2025-05-02T22:32:19-07:00,0,0
projects/projects.js,75,js,3329d062,AudreyMeredith,2025-05-05,17:20:30,-07:00,2025-05-05T17:20:30-07:00,0,17
projects/projects.js,76,js,3329d062,AudreyMeredith,2025-05-05,17:20:30,-07:00,2025-05-05T17:20:30-07:00,0,20
projects/projects.js,77,js,3329d062,AudreyMeredith,2025-05-05,17:20:30,-07:00,2025-05-05T17:20:30-07:00,0,13
projects/projects.js,78,js,3329d062,AudreyMeredith,2025-05-05,17:20:30,-07:00,2025-05-05T17:20:30-07:00,0,7
projects/projects.js,79,js,3329d062,AudreyMeredith,2025-05-05,17:20:30,-07:00,2025-05-05T17:20:30-07:00,0,14
projects/projects.js,80,js,3329d062,AudreyMeredith,2025-05-05,17:20:30,-07:00,2025-05-05T17:20:30-07:00,0,23
projects/projects.js,81,js,3329d062,AudreyMeredith,2025-05-05,17:20:30,-07:00,2025-05-05T17:20:30-07:00,0,69
projects/projects.js,82,js,3329d062,AudreyMeredith,2025-05-05,17:20:30,-07:00,2025-05-05T17:20:30-07:00,0,67
projects/projects.js,83,js,3329d062,AudreyMeredith,2025-05-05,17:20:30,-07:00,2025-05-05T17:20:30-07:00,0,27
projects/projects.js,84,js,3329d062,AudreyMeredith,2025-05-05,17:20:30,-07:00,2025-05-05T17:20:30-07:00,0,32
projects/projects.js,85,js,3329d062,AudreyMeredith,2025-05-05,17:20:30,-07:00,2025-05-05T17:20:30-07:00,0,104
projects/projects.js,86,js,3329d062,AudreyMeredith,2025-05-05,17:20:30,-07:00,2025-05-05T17:20:30-07:00,0,54
projects/projects.js,87,js,3329d062,AudreyMeredith,2025-05-05,17:20:30,-07:00,2025-05-05T17:20:30-07:00,0,16
projects/projects.js,88,js,3329d062,AudreyMeredith,2025-05-05,17:20:30,-07:00,2025-05-05T17:20:30-07:00,0,2
projects/projects.js,89,js,db5c4819,AudreyMeredith,2025-05-01,23:18:43,-07:00,2025-05-01T23:18:43-07:00,0,0
projects/projects.js,90,js,3329d062,AudreyMeredith,2025-05-05,17:20:30,-07:00,2025-05-05T17:20:30-07:00,0,13
projects/projects.js,91,js,b43328d6,AudreyMeredith,2025-05-02,22:32:19,-07:00,2025-05-02T22:32:19-07:00,0,21
projects/projects.js,92,js,b43328d6,AudreyMeredith,2025-05-02,22:32:19,-07:00,2025-05-02T22:32:19-07:00,0,18
projects/projects.js,93,js,b43328d6,AudreyMeredith,2025-05-02,22:32:19,-07:00,2025-05-02T22:32:19-07:00,0,7
projects/projects.js,94,js,b43328d6,AudreyMeredith,2025-05-02,22:32:19,-07:00,2025-05-02T22:32:19-07:00,0,12
projects/projects.js,95,js,3329d062,AudreyMeredith,2025-05-05,17:20:30,-07:00,2025-05-05T17:20:30-07:00,0,79
projects/projects.js,96,js,3329d062,AudreyMeredith,2025-05-05,17:20:30,-07:00,2025-05-05T17:20:30-07:00,0,57
projects/projects.js,97,js,3329d062,AudreyMeredith,2025-05-05,17:20:30,-07:00,2025-05-05T17:20:30-07:00,0,120
projects/projects.js,98,js,b43328d6,AudreyMeredith,2025-05-02,22:32:19,-07:00,2025-05-02T22:32:19-07:00,0,23
projects/projects.js,99,js,b43328d6,AudreyMeredith,2025-05-02,22:32:19,-07:00,2025-05-02T22:32:19-07:00,0,41
projects/projects.js,100,js,3329d062,AudreyMeredith,2025-05-05,17:20:30,-07:00,2025-05-05T17:20:30-07:00,0,53
projects/projects.js,101,js,b43328d6,AudreyMeredith,2025-05-02,22:32:19,-07:00,2025-05-02T22:32:19-07:00,0,54
projects/projects.js,102,js,b43328d6,AudreyMeredith,2025-05-02,22:32:19,-07:00,2025-05-02T22:32:19-07:00,0,16
projects/projects.js,103,js,b43328d6,AudreyMeredith,2025-05-02,22:32:19,-07:00,2025-05-02T22:32:19-07:00,0,2
projects/projects.js,104,js,b43328d6,AudreyMeredith,2025-05-02,22:32:19,-07:00,2025-05-02T22:32:19-07:00,0,0
projects/projects.js,105,js,db5c4819,AudreyMeredith,2025-05-01,23:18:43,-07:00,2025-05-01T23:18:43-07:00,0,0
projects/projects.js,106,js,3329d062,AudreyMeredith,2025-05-05,17:20:30,-07:00,2025-05-05T17:20:30-07:00,0,12
projects/projects.js,107,js,b43328d6,AudreyMeredith,2025-05-02,22:32:19,-07:00,2025-05-02T22:32:19-07:00,0,47
projects/projects.js,108,js,b43328d6,AudreyMeredith,2025-05-02,22:32:19,-07:00,2025-05-02T22:32:19-07:00,0,26
projects/projects.js,109,js,b43328d6,AudreyMeredith,2025-05-02,22:32:19,-07:00,2025-05-02T22:32:19-07:00,0,18
projects/projects.js,110,js,b43328d6,AudreyMeredith,2025-05-02,22:32:19,-07:00,2025-05-02T22:32:19-07:00,0,49
projects/projects.js,111,js,b43328d6,AudreyMeredith,2025-05-02,22:32:19,-07:00,2025-05-02T22:32:19-07:00,0,62
projects/projects.js,112,js,b43328d6,AudreyMeredith,2025-05-02,22:32:19,-07:00,2025-05-02T22:32:19-07:00,0,43
projects/projects.js,113,js,b43328d6,AudreyMeredith,2025-05-02,22:32:19,-07:00,2025-05-02T22:32:19-07:00,0,2
projects/projects.js,114,js,b43328d6,AudreyMeredith,2025-05-02,22:32:19,-07:00,2025-05-02T22:32:19-07:00,0,54
projects/projects.js,115,js,b43328d6,AudreyMeredith,2025-05-02,22:32:19,-07:00,2025-05-02T22:32:19-07:00,0,16
projects/projects.js,116,js,1fbd7b09,AudreyMeredith,2025-05-01,22:26:25,-07:00,2025-05-01T22:26:25-07:00,0,2
projects/projects.js,117,js,db5c4819,AudreyMeredith,2025-05-01,23:18:43,-07:00,2025-05-01T23:18:43-07:00,0,0
projects/projects.js,118,js,3329d062,AudreyMeredith,2025-05-05,17:20:30,-07:00,2025-05-05T17:20:30-07:00,0,16
projects/projects.js,119,js,b43328d6,AudreyMeredith,2025-05-02,22:32:19,-07:00,2025-05-02T22:32:19-07:00,0,30
projects/projects.js,120,js,b43328d6,AudreyMeredith,2025-05-02,22:32:19,-07:00,2025-05-02T22:32:19-07:00,0,19
projects/index.html,1,html,ef76d0ef,AudreyMeredith,2025-04-04,18:05:26,-07:00,2025-04-04T18:05:26-07:00,0,14
projects/index.html,2,html,ef76d0ef,AudreyMeredith,2025-04-04,18:05:26,-07:00,2025-04-04T18:05:26-07:00,0,15
projects/index.html,3,html,ef76d0ef,AudreyMeredith,2025-04-04,18:05:26,-07:00,2025-04-04T18:05:26-07:00,0,5
projects/index.html,4,html,b43328d6,AudreyMeredith,2025-05-02,22:32:19,-07:00,2025-05-02T22:32:19-07:00,0,23
projects/index.html,5,html,b43328d6,AudreyMeredith,2025-05-02,22:32:19,-07:00,2025-05-02T22:32:19-07:00,0,71
projects/index.html,6,html,b43328d6,AudreyMeredith,2025-05-02,22:32:19,-07:00,2025-05-02T22:32:19-07:00,0,26
projects/index.html,7,html,b43328d6,AudreyMeredith,2025-05-02,22:32:19,-07:00,2025-05-02T22:32:19-07:00,0,44
projects/index.html,8,html,b43328d6,AudreyMeredith,2025-05-02,22:32:19,-07:00,2025-05-02T22:32:19-07:00,0,6
projects/index.html,9,html,22a21a48,AudreyMeredith,2025-05-01,22:09:33,-07:00,2025-05-01T22:09:33-07:00,0,19
projects/index.html,10,html,22a21a48,AudreyMeredith,2025-05-01,22:09:33,-07:00,2025-05-01T22:09:33-07:00,0,15
projects/index.html,11,html,22a21a48,AudreyMeredith,2025-05-01,22:09:33,-07:00,2025-05-01T22:09:33-07:00,0,17
projects/index.html,12,html,22a21a48,AudreyMeredith,2025-05-01,22:09:33,-07:00,2025-05-01T22:09:33-07:00,0,17
projects/index.html,13,html,22a21a48,AudreyMeredith,2025-05-01,22:09:33,-07:00,2025-05-01T22:09:33-07:00,0,0
projects/index.html,14,html,22a21a48,AudreyMeredith,2025-05-01,22:09:33,-07:00,2025-05-01T22:09:33-07:00,0,7
projects/index.html,15,html,ef76d0ef,AudreyMeredith,2025-04-04,18:05:26,-07:00,2025-04-04T18:05:26-07:00,0,6
projects/index.html,16,html,b43328d6,AudreyMeredith,2025-05-02,22:32:19,-07:00,2025-05-02T22:32:19-07:00,0,0
projects/index.html,17,html,ef76d0ef,AudreyMeredith,2025-04-04,18:05:26,-07:00,2025-04-04T18:05:26-07:00,0,5
projects/index.html,18,html,b43328d6,AudreyMeredith,2025-05-02,22:32:19,-07:00,2025-05-02T22:32:19-07:00,0,20
projects/index.html,19,html,14bcfd87,AudreyMeredith,2025-05-01,22:41:19,-07:00,2025-05-01T22:41:19-07:00,0,0
projects/index.html,20,html,b43328d6,AudreyMeredith,2025-05-02,22:32:19,-07:00,2025-05-02T22:32:19-07:00,0,22
projects/index.html,21,html,b43328d6,AudreyMeredith,2025-05-02,22:32:19,-07:00,2025-05-02T22:32:19-07:00,0,59
projects/index.html,22,html,b43328d6,AudreyMeredith,2025-05-02,22:32:19,-07:00,2025-05-02T22:32:19-07:00,0,23
projects/index.html,23,html,b43328d6,AudreyMeredith,2025-05-02,22:32:19,-07:00,2025-05-02T22:32:19-07:00,0,5
projects/index.html,24,html,14bcfd87,AudreyMeredith,2025-05-01,22:41:19,-07:00,2025-05-01T22:41:19-07:00,0,0
projects/index.html,25,html,b43328d6,AudreyMeredith,2025-05-02,22:32:19,-07:00,2025-05-02T22:32:19-07:00,0,5
projects/index.html,26,html,b43328d6,AudreyMeredith,2025-05-02,22:32:19,-07:00,2025-05-02T22:32:19-07:00,0,16
projects/index.html,27,html,b43328d6,AudreyMeredith,2025-05-02,22:32:19,-07:00,2025-05-02T22:32:19-07:00,0,12
projects/index.html,28,html,b43328d6,AudreyMeredith,2025-05-02,22:32:19,-07:00,2025-05-02T22:32:19-07:00,0,27
projects/index.html,29,html,b43328d6,AudreyMeredith,2025-05-02,22:32:19,-07:00,2025-05-02T22:32:19-07:00,0,32
projects/index.html,30,html,b43328d6,AudreyMeredith,2025-05-02,22:32:19,-07:00,2025-05-02T22:32:19-07:00,0,1
projects/index.html,31,html,ef76d0ef,AudreyMeredith,2025-04-04,18:05:26,-07:00,2025-04-04T18:05:26-07:00,0,0
projects/index.html,32,html,b43328d6,AudreyMeredith,2025-05-02,22:32:19,-07:00,2025-05-02T22:32:19-07:00,0,27
projects/index.html,33,html,b43328d6,AudreyMeredith,2025-05-02,22:32:19,-07:00,2025-05-02T22:32:19-07:00,0,0
projects/index.html,34,html,b43328d6,AudreyMeredith,2025-05-02,22:32:19,-07:00,2025-05-02T22:32:19-07:00,0,52
projects/index.html,35,html,b43328d6,AudreyMeredith,2025-05-02,22:32:19,-07:00,2025-05-02T22:32:19-07:00,0,49
projects/index.html,36,html,b43328d6,AudreyMeredith,2025-05-02,22:32:19,-07:00,2025-05-02T22:32:19-07:00,0,48
projects/index.html,37,html,b43328d6,AudreyMeredith,2025-05-02,22:32:19,-07:00,2025-05-02T22:32:19-07:00,0,6
projects/index.html,38,html,b43328d6,AudreyMeredith,2025-05-02,22:32:19,-07:00,2025-05-02T22:32:19-07:00,0,6
contact/index.html,1,html,ef76d0ef,AudreyMeredith,2025-04-04,18:05:26,-07:00,2025-04-04T18:05:26-07:00,0,14
contact/index.html,2,html,ef76d0ef,AudreyMeredith,2025-04-04,18:05:26,-07:00,2025-04-04T18:05:26-07:00,0,15
contact/index.html,3,html,ef76d0ef,AudreyMeredith,2025-04-04,18:05:26,-07:00,2025-04-04T18:05:26-07:00,0,5
contact/index.html,4,html,5e90b307,AudreyMeredith,2025-04-11,10:17:45,-07:00,2025-04-11T10:17:45-07:00,0,23
contact/index.html,5,html,5e90b307,AudreyMeredith,2025-04-11,10:17:45,-07:00,2025-04-11T10:17:45-07:00,0,70
contact/index.html,6,html,5e90b307,AudreyMeredith,2025-04-11,10:17:45,-07:00,2025-04-11T10:17:45-07:00,0,39
contact/index.html,7,html,5e90b307,AudreyMeredith,2025-04-11,10:17:45,-07:00,2025-04-11T10:17:45-07:00,0,44
contact/index.html,8,html,5e90b307,AudreyMeredith,2025-04-11,10:17:45,-07:00,2025-04-11T10:17:45-07:00,0,6
contact/index.html,9,html,5e90b307,AudreyMeredith,2025-04-11,10:17:45,-07:00,2025-04-11T10:17:45-07:00,0,5
contact/index.html,10,html,5e90b307,AudreyMeredith,2025-04-11,10:17:45,-07:00,2025-04-11T10:17:45-07:00,0,16
contact/index.html,11,html,5e90b307,AudreyMeredith,2025-04-11,10:17:45,-07:00,2025-04-11T10:17:45-07:00,0,19
contact/index.html,12,html,5e90b307,AudreyMeredith,2025-04-11,10:17:45,-07:00,2025-04-11T10:17:45-07:00,0,13
contact/index.html,13,html,5e90b307,AudreyMeredith,2025-04-11,10:17:45,-07:00,2025-04-11T10:17:45-07:00,0,34
contact/index.html,14,html,5e90b307,AudreyMeredith,2025-04-11,10:17:45,-07:00,2025-04-11T10:17:45-07:00,0,0
contact/index.html,15,html,5e90b307,AudreyMeredith,2025-04-11,10:17:45,-07:00,2025-04-11T10:17:45-07:00,0,7
contact/index.html,16,html,ef76d0ef,AudreyMeredith,2025-04-04,18:05:26,-07:00,2025-04-04T18:05:26-07:00,0,6
contact/index.html,17,html,5e90b307,AudreyMeredith,2025-04-11,10:17:45,-07:00,2025-04-11T10:17:45-07:00,0,0
contact/index.html,18,html,ef76d0ef,AudreyMeredith,2025-04-04,18:05:26,-07:00,2025-04-04T18:05:26-07:00,0,5
contact/index.html,19,html,c44cc630,AudreyMeredith,2025-04-18,18:51:41,-07:00,2025-04-18T18:51:41-07:00,0,9
contact/index.html,20,html,5e90b307,AudreyMeredith,2025-04-11,10:17:45,-07:00,2025-04-11T10:17:45-07:00,0,31
contact/index.html,21,html,5e90b307,AudreyMeredith,2025-04-11,10:17:45,-07:00,2025-04-11T10:17:45-07:00,0,44
contact/index.html,22,html,c44cc630,AudreyMeredith,2025-04-18,18:51:41,-07:00,2025-04-18T18:51:41-07:00,0,32
contact/index.html,23,html,5e90b307,AudreyMeredith,2025-04-11,10:17:45,-07:00,2025-04-11T10:17:45-07:00,0,69
contact/index.html,24,html,5e90b307,AudreyMeredith,2025-04-11,10:17:45,-07:00,2025-04-11T10:17:45-07:00,0,34
contact/index.html,25,html,c44cc630,AudreyMeredith,2025-04-18,18:51:41,-07:00,2025-04-18T18:51:41-07:00,0,9
contact/index.html,26,html,ef76d0ef,AudreyMeredith,2025-04-04,18:05:26,-07:00,2025-04-04T18:05:26-07:00,0,0
contact/index.html,27,html,5e90b307,AudreyMeredith,2025-04-11,10:17:45,-07:00,2025-04-11T10:17:45-07:00,0,18
contact/index.html,28,html,ef76d0ef,AudreyMeredith,2025-04-04,18:05:26,-07:00,2025-04-04T18:05:26-07:00,0,0
contact/index.html,29,html,5e90b307,AudreyMeredith,2025-04-11,10:17:45,-07:00,2025-04-11T10:17:45-07:00,0,74
contact/index.html,30,html,5e90b307,AudreyMeredith,2025-04-11,10:17:45,-07:00,2025-04-11T10:17:45-07:00,0,18
contact/index.html,31,html,5e90b307,AudreyMeredith,2025-04-11,10:17:45,-07:00,2025-04-11T10:17:45-07:00,0,9
contact/index.html,32,html,5e90b307,AudreyMeredith,2025-04-11,10:17:45,-07:00,2025-04-11T10:17:45-07:00,0,54
contact/index.html,33,html,5e90b307,AudreyMeredith,2025-04-11,10:17:45,-07:00,2025-04-11T10:17:45-07:00,0,7
contact/index.html,34,html,ef76d0ef,AudreyMeredith,2025-04-04,18:05:26,-07:00,2025-04-04T18:05:26-07:00,0,0
contact/index.html,35,html,5e90b307,AudreyMeredith,2025-04-11,10:17:45,-07:00,2025-04-11T10:17:45-07:00,0,20
contact/index.html,36,html,5e90b307,AudreyMeredith,2025-04-11,10:17:45,-07:00,2025-04-11T10:17:45-07:00,0,6
contact/index.html,37,html,5e90b307,AudreyMeredith,2025-04-11,10:17:45,-07:00,2025-04-11T10:17:45-07:00,0,36
contact/index.html,38,html,5e90b307,AudreyMeredith,2025-04-11,10:17:45,-07:00,2025-04-11T10:17:45-07:00,0,7
contact/index.html,39,html,ef76d0ef,AudreyMeredith,2025-04-04,18:05:26,-07:00,2025-04-04T18:05:26-07:00,0,0
contact/index.html,40,html,5e90b307,AudreyMeredith,2025-04-11,10:17:45,-07:00,2025-04-11T10:17:45-07:00,0,17
contact/index.html,41,html,5e90b307,AudreyMeredith,2025-04-11,10:17:45,-07:00,2025-04-11T10:17:45-07:00,0,6
contact/index.html,42,html,5e90b307,AudreyMeredith,2025-04-11,10:17:45,-07:00,2025-04-11T10:17:45-07:00,0,60
contact/index.html,43,html,5e90b307,AudreyMeredith,2025-04-11,10:17:45,-07:00,2025-04-11T10:17:45-07:00,0,7
contact/index.html,44,html,ef76d0ef,AudreyMeredith,2025-04-04,18:05:26,-07:00,2025-04-04T18:05:26-07:00,0,0
contact/index.html,45,html,5e90b307,AudreyMeredith,2025-04-11,10:17:45,-07:00,2025-04-11T10:17:45-07:00,0,34
contact/index.html,46,html,5e90b307,AudreyMeredith,2025-04-11,10:17:45,-07:00,2025-04-11T10:17:45-07:00,0,6
contact/index.html,47,html,c44cc630,AudreyMeredith,2025-04-18,18:51:41,-07:00,2025-04-18T18:51:41-07:00,0,49
contact/index.html,48,html,ef76d0ef,AudreyMeredith,2025-04-04,18:05:26,-07:00,2025-04-04T18:05:26-07:00,0,6
contact/index.html,49,html,5e90b307,AudreyMeredith,2025-04-11,10:17:45,-07:00,2025-04-11T10:17:45-07:00,0,6
